{
  "properties": {
    "connectionReferences": {
      "shared_sharepointonline": {
        "api": {
          "name": "shared_sharepointonline"
        },
        "connection": {
          "connectionReferenceLogicalName": "webandpl_sharedsharepointonline_68dfe"
        },
        "runtimeSource": "embedded"
      },
      "shared_adobepdftools": {
        "api": {
          "name": "shared_adobepdftools"
        },
        "connection": {
          "connectionReferenceLogicalName": "new_sharedadobepdftools_c8fb7"
        },
        "runtimeSource": "embedded"
      }
    },
    "definition": {
      "$schema": "https://schema.management.azure.com/providers/Microsoft.Logic/schemas/2016-06-01/workflowdefinition.json#",
      "contentVersion": "1.0.0.0",
      "parameters": {
        "$authentication": {
          "defaultValue": {},
          "type": "SecureObject"
        },
        "$connections": {
          "defaultValue": {},
          "type": "Object"
        },
        "BriefingSolutionUrl (new_shared_sharepointonline_8cf497ea0c604ed08f2761a77882f509)": {
          "defaultValue": "https://parliamentofvictoria.sharepoint.com/sites/Test-BriefingSolution",
          "type": "String",
          "metadata": {
            "schemaName": "new_shared_sharepointonline_8cf497ea0c604ed08f2761a77882f509"
          }
        },
        "Briefing System (webandpl_shared_sharepointonline_6b277a49a8bb442f9cc39eee6b15c001)": {
          "defaultValue": "363567dc-ec1b-4461-ab7d-2a2125691459",
          "type": "String",
          "metadata": {
            "schemaName": "webandpl_shared_sharepointonline_6b277a49a8bb442f9cc39eee6b15c001"
          }
        }
      },
      "triggers": {
        "manual": {
          "type": "Request",
          "kind": "PowerAppV2",
          "inputs": {
            "schema": {
              "type": "object",
              "properties": {
                "number": {
                  "title": "briefingid",
                  "type": "number",
                  "x-ms-dynamically-added": true,
                  "description": "Please enter a number",
                  "x-ms-content-hint": "NUMBER"
                }
              },
              "required": [
                "number"
              ]
            }
          },
          "metadata": {
            "operationMetadataId": "251740dc-844e-4cdd-8c14-404b56c4f8a3"
          }
        }
      },
      "actions": {
        "Get_item": {
          "type": "OpenApiConnection",
          "inputs": {
            "parameters": {
              "dataset": "@parameters('BriefingSolutionUrl (new_shared_sharepointonline_8cf497ea0c604ed08f2761a77882f509)')",
              "table": "@parameters('Briefing System (webandpl_shared_sharepointonline_6b277a49a8bb442f9cc39eee6b15c001)')",
              "id": "@triggerBody()['number']"
            },
            "host": {
              "apiId": "/providers/Microsoft.PowerApps/apis/shared_sharepointonline",
              "operationId": "GetItem",
              "connectionName": "shared_sharepointonline"
            }
          },
          "runAfter": {},
          "metadata": {
            "operationMetadataId": "e0c49257-7ab9-4372-a848-080174b743ce"
          }
        },
        "DocumentsArray": {
          "type": "InitializeVariable",
          "inputs": {
            "variables": [
              {
                "name": "DocumentsArray",
                "type": "array"
              }
            ]
          },
          "runAfter": {
            "Get_item": [
              "Succeeded"
            ]
          },
          "metadata": {
            "operationMetadataId": "d6a42c00-7c42-4167-88bf-72611234d07c"
          }
        },
        "Get_file_content": {
          "type": "OpenApiConnection",
          "inputs": {
            "parameters": {
              "dataset": "@parameters('BriefingSolutionUrl (new_shared_sharepointonline_8cf497ea0c604ed08f2761a77882f509)')",
              "id": "@outputs('Get_item')?['body/{Identifier}']",
              "inferContentType": true
            },
            "host": {
              "apiId": "/providers/Microsoft.PowerApps/apis/shared_sharepointonline",
              "operationId": "GetFileContent",
              "connectionName": "shared_sharepointonline"
            }
          },
          "runAfter": {
            "DocumentsArray": [
              "Succeeded"
            ]
          },
          "metadata": {
            "operationMetadataId": "103af01d-3aeb-4d08-a2e8-5fa3d31b010e"
          }
        },
        "Append_to_array_MainDocument": {
          "type": "AppendToArrayVariable",
          "inputs": {
            "name": "DocumentsArray",
            "value": "@body('Get_file_content_4')"
          },
          "runAfter": {
            "Get_file_content_4": [
              "Succeeded"
            ]
          },
          "metadata": {
            "operationMetadataId": "25c12dda-8195-4a5b-abae-4f2e94ac928b"
          }
        },
        "Get_files_(properties_only)": {
          "type": "OpenApiConnection",
          "inputs": {
            "parameters": {
              "dataset": "@parameters('BriefingSolutionUrl (new_shared_sharepointonline_8cf497ea0c604ed08f2761a77882f509)')",
              "table": "@parameters('Briefing System (webandpl_shared_sharepointonline_6b277a49a8bb442f9cc39eee6b15c001)')",
              "$filter": "DocType eq 'Attachment'",
              "folderPath": "/Briefing System/@{outputs('Get_item')?['body/TransactionID']}"
            },
            "host": {
              "apiId": "/providers/Microsoft.PowerApps/apis/shared_sharepointonline",
              "operationId": "GetFileItems",
              "connectionName": "shared_sharepointonline"
            }
          },
          "runAfter": {
            "Delete_file": [
              "Succeeded"
            ]
          },
          "metadata": {
            "operationMetadataId": "bea75da7-9b75-4d55-86b4-bf169a0250e4"
          }
        },
        "Apply_to_each": {
          "type": "Foreach",
          "foreach": "@outputs('Get_files_(properties_only)')?['body/value']",
          "actions": {
            "Condition": {
              "type": "If",
              "expression": {
                "and": [
                  {
                    "endsWith": [
                      "@items('Apply_to_each')?['{FilenameWithExtension}']",
                      ".pdf"
                    ]
                  },
                  {
                    "not": {
                      "equals": [
                        "@outputs('Get_item')?['body/DocType']",
                        "Archived"
                      ]
                    }
                  }
                ]
              },
              "actions": {
                "Get_file_content_3": {
                  "type": "OpenApiConnection",
                  "inputs": {
                    "parameters": {
                      "dataset": "@parameters('BriefingSolutionUrl (new_shared_sharepointonline_8cf497ea0c604ed08f2761a77882f509)')",
                      "id": "@items('Apply_to_each')?['{Identifier}']",
                      "inferContentType": true
                    },
                    "host": {
                      "apiId": "/providers/Microsoft.PowerApps/apis/shared_sharepointonline",
                      "operationId": "GetFileContent",
                      "connectionName": "shared_sharepointonline"
                    }
                  },
                  "metadata": {
                    "operationMetadataId": "54848a4a-3eb3-4f0c-aaf3-2379998902f1"
                  }
                },
                "Append_to_array_variable_2": {
                  "type": "AppendToArrayVariable",
                  "inputs": {
                    "name": "DocumentsArray",
                    "value": "@body('Get_file_content_3')"
                  },
                  "runAfter": {
                    "Get_file_content_3": [
                      "Succeeded"
                    ]
                  },
                  "metadata": {
                    "operationMetadataId": "934f574a-1fa7-4731-b7ca-5114f0db4c43"
                  }
                }
              },
              "else": {
                "actions": {
                  "Condition_2": {
                    "type": "If",
                    "expression": {
                      "or": [
                        {
                          "endsWith": [
                            "@items('Apply_to_each')?['{FilenameWithExtension}']",
                            ".xlsx"
                          ]
                        },
                        {
                          "endsWith": [
                            "@items('Apply_to_each')?['{FilenameWithExtension}']",
                            ".xlsm"
                          ]
                        },
                        {
                          "endsWith": [
                            "@items('Apply_to_each')?['{FilenameWithExtension}']",
                            ".csv"
                          ]
                        }
                      ]
                    },
                    "actions": {
                      "Get_file_content_2": {
                        "type": "OpenApiConnection",
                        "inputs": {
                          "parameters": {
                            "dataset": "@parameters('BriefingSolutionUrl (new_shared_sharepointonline_8cf497ea0c604ed08f2761a77882f509)')",
                            "id": "@items('Apply_to_each')?['{Identifier}']",
                            "inferContentType": true
                          },
                          "host": {
                            "apiId": "/providers/Microsoft.PowerApps/apis/shared_sharepointonline",
                            "operationId": "GetFileContent",
                            "connectionName": "shared_sharepointonline"
                          }
                        },
                        "metadata": {
                          "operationMetadataId": "8448f481-b830-4668-bf54-7f365a4e8bd9"
                        }
                      },
                      "Convert_Excel_to_PDF": {
                        "type": "OpenApiConnection",
                        "inputs": {
                          "parameters": {
                            "inputFileName": "@items('Apply_to_each')?['{FilenameWithExtension}']",
                            "InputFile0/body": "@body('Get_file_content_2')",
                            "x-region-value": "-ue1"
                          },
                          "host": {
                            "apiId": "/providers/Microsoft.PowerApps/apis/shared_adobepdftools",
                            "operationId": "CreatePDFFromExcel",
                            "connectionName": "shared_adobepdftools"
                          }
                        },
                        "runAfter": {
                          "Get_file_content_2": [
                            "Succeeded"
                          ]
                        },
                        "metadata": {
                          "operationMetadataId": "46d77168-5c1a-4ee8-8644-eab875f1c9a2"
                        }
                      },
                      "Append_to_array_variable": {
                        "type": "AppendToArrayVariable",
                        "inputs": {
                          "name": "DocumentsArray",
                          "value": "@body('Get_file_content_5')"
                        },
                        "runAfter": {
                          "Get_file_content_5": [
                            "Succeeded"
                          ]
                        },
                        "metadata": {
                          "operationMetadataId": "f8bbc320-9dea-4738-85a3-dca355bd1f4b"
                        }
                      },
                      "Create_file_2": {
                        "type": "OpenApiConnection",
                        "inputs": {
                          "parameters": {
                            "dataset": "@parameters('BriefingSolutionUrl (new_shared_sharepointonline_8cf497ea0c604ed08f2761a77882f509)')",
                            "folderPath": "/Briefing System/@{outputs('Get_item')?['body/TransactionID']}",
                            "name": "@{substring(outputs('Get_item')?['body/{FilenameWithExtension}'],0,lastIndexOf(outputs('Get_item')?['body/{FilenameWithExtension}'],'.'))}_@{formatDateTime(utcNow(),'dd_MM_yyyy')}.pdf",
                            "body": "@outputs('Convert_Excel_to_PDF')?['body/fileContent']"
                          },
                          "host": {
                            "apiId": "/providers/Microsoft.PowerApps/apis/shared_sharepointonline",
                            "operationId": "CreateFile",
                            "connectionName": "shared_sharepointonline"
                          }
                        },
                        "runAfter": {
                          "Convert_Excel_to_PDF": [
                            "Succeeded"
                          ]
                        },
                        "runtimeConfiguration": {
                          "contentTransfer": {
                            "transferMode": "Chunked"
                          }
                        },
                        "metadata": {
                          "operationMetadataId": "00c22cca-77ab-4a10-b6bf-af723bb74c64"
                        }
                      },
                      "Get_file_content_5": {
                        "type": "OpenApiConnection",
                        "inputs": {
                          "parameters": {
                            "dataset": "@parameters('BriefingSolutionUrl (new_shared_sharepointonline_8cf497ea0c604ed08f2761a77882f509)')",
                            "id": "@outputs('Create_file_2')?['body/Id']",
                            "inferContentType": true
                          },
                          "host": {
                            "apiId": "/providers/Microsoft.PowerApps/apis/shared_sharepointonline",
                            "operationId": "GetFileContent",
                            "connectionName": "shared_sharepointonline"
                          }
                        },
                        "runAfter": {
                          "Create_file_2": [
                            "Succeeded"
                          ]
                        },
                        "metadata": {
                          "operationMetadataId": "fa517740-e7f6-4fb0-8271-e9cd751f206f"
                        }
                      },
                      "Delete_file_2": {
                        "type": "OpenApiConnection",
                        "inputs": {
                          "parameters": {
                            "dataset": "@parameters('BriefingSolutionUrl (new_shared_sharepointonline_8cf497ea0c604ed08f2761a77882f509)')",
                            "id": "@outputs('Create_file_2')?['body/Id']"
                          },
                          "host": {
                            "apiId": "/providers/Microsoft.PowerApps/apis/shared_sharepointonline",
                            "operationId": "DeleteFile",
                            "connectionName": "shared_sharepointonline"
                          }
                        },
                        "runAfter": {
                          "Append_to_array_variable": [
                            "Succeeded"
                          ]
                        },
                        "metadata": {
                          "operationMetadataId": "1d305186-5e49-47d3-a768-91657037c5c8"
                        }
                      }
                    },
                    "else": {
                      "actions": {}
                    },
                    "metadata": {
                      "operationMetadataId": "fe430a28-fa86-4c45-b164-a4149a374eb8"
                    }
                  }
                }
              },
              "metadata": {
                "operationMetadataId": "d434d7bb-a755-4c39-a5c4-330309acbff2"
              }
            }
          },
          "runAfter": {
            "Get_files_(properties_only)": [
              "Succeeded"
            ]
          },
          "metadata": {
            "operationMetadataId": "991ef374-6e8c-4acc-a420-58bdbb9a4411"
          }
        },
        "Convert_Word_to_PDF": {
          "type": "OpenApiConnection",
          "inputs": {
            "parameters": {
              "inputFileName": "@outputs('Get_item')?['body/{FilenameWithExtension}']",
              "InputFile0/body": "@body('Get_file_content')",
              "x-region-value": "-ue1"
            },
            "host": {
              "apiId": "/providers/Microsoft.PowerApps/apis/shared_adobepdftools",
              "operationId": "CreatePDFFromWord",
              "connectionName": "shared_adobepdftools"
            }
          },
          "runAfter": {
            "Get_file_content": [
              "Succeeded"
            ]
          },
          "metadata": {
            "operationMetadataId": "5c55b4d0-7c87-46e3-9542-cc2d7ae70767"
          }
        },
        "Merge_PDFs": {
          "type": "OpenApiConnection",
          "inputs": {
            "parameters": {
              "Files Array/outputFileName": "@{substring(outputs('Get_item')?['body/{FilenameWithExtension}'],0,lastIndexOf(outputs('Get_item')?['body/{FilenameWithExtension}'],'.'))}_@{formatDateTime(utcNow(),'dd_MM_yyyy')}.pdf",
              "Files Array/files": "@variables('DocumentsArray')",
              "x-region-value": "-ue1"
            },
            "host": {
              "apiId": "/providers/Microsoft.PowerApps/apis/shared_adobepdftools",
              "operationId": "CombinePDF",
              "connectionName": "shared_adobepdftools"
            }
          },
          "runAfter": {
            "Apply_to_each": [
              "Succeeded"
            ]
          },
          "metadata": {
            "operationMetadataId": "d40614eb-b260-4310-8c78-72aa67df4c52"
          }
        },
        "Respond_to_a_Power_App_or_flow": {
          "type": "Response",
          "kind": "PowerApp",
          "inputs": {
            "schema": {
              "type": "object",
              "properties": {
                "exportfile": {
                  "title": "ExportFile",
                  "x-ms-dynamically-added": true,
                  "type": "string"
                }
              },
              "additionalProperties": {}
            },
            "statusCode": 200,
            "body": {
              "exportfile": "@{outputs('Compose')}"
            }
          },
          "runAfter": {
            "Compose": [
              "Succeeded"
            ]
          },
          "metadata": {
            "operationMetadataId": "300722eb-8f58-4004-a721-fe1b026513c5"
          }
        },
        "Create_file": {
          "type": "OpenApiConnection",
          "inputs": {
            "parameters": {
              "dataset": "@parameters('BriefingSolutionUrl (new_shared_sharepointonline_8cf497ea0c604ed08f2761a77882f509)')",
              "folderPath": "/Briefing System/@{outputs('Get_item')?['body/TransactionID']}",
              "name": "@{substring(outputs('Get_item')?['body/{FilenameWithExtension}'],0,lastIndexOf(outputs('Get_item')?['body/{FilenameWithExtension}'],'.'))}_@{formatDateTime(utcNow(),'dd_MM_yyyy')}.pdf",
              "body": "@outputs('Convert_Word_to_PDF')?['body/fileContent']"
            },
            "host": {
              "apiId": "/providers/Microsoft.PowerApps/apis/shared_sharepointonline",
              "operationId": "CreateFile",
              "connectionName": "shared_sharepointonline"
            }
          },
          "runAfter": {
            "Convert_Word_to_PDF": [
              "Succeeded"
            ]
          },
          "runtimeConfiguration": {
            "contentTransfer": {
              "transferMode": "Chunked"
            }
          },
          "metadata": {
            "operationMetadataId": "53ce6604-7439-47e5-a059-9824c09749e8"
          }
        },
        "Get_file_content_4": {
          "type": "OpenApiConnection",
          "inputs": {
            "parameters": {
              "dataset": "@parameters('BriefingSolutionUrl (new_shared_sharepointonline_8cf497ea0c604ed08f2761a77882f509)')",
              "id": "@outputs('Create_file')?['body/Id']",
              "inferContentType": true
            },
            "host": {
              "apiId": "/providers/Microsoft.PowerApps/apis/shared_sharepointonline",
              "operationId": "GetFileContent",
              "connectionName": "shared_sharepointonline"
            }
          },
          "runAfter": {
            "Create_file": [
              "Succeeded"
            ]
          },
          "metadata": {
            "operationMetadataId": "7beb48e0-7f41-4b6d-8768-300e52e4d0d4"
          }
        },
        "Delete_file": {
          "type": "OpenApiConnection",
          "inputs": {
            "parameters": {
              "dataset": "@parameters('BriefingSolutionUrl (new_shared_sharepointonline_8cf497ea0c604ed08f2761a77882f509)')",
              "id": "@outputs('Create_file')?['body/Id']"
            },
            "host": {
              "apiId": "/providers/Microsoft.PowerApps/apis/shared_sharepointonline",
              "operationId": "DeleteFile",
              "connectionName": "shared_sharepointonline"
            }
          },
          "runAfter": {
            "Append_to_array_MainDocument": [
              "Succeeded"
            ]
          },
          "metadata": {
            "operationMetadataId": "57e7809d-f53e-4c0c-9255-247c383336d8"
          }
        },
        "Create_file_3": {
          "type": "OpenApiConnection",
          "inputs": {
            "parameters": {
              "dataset": "@parameters('BriefingSolutionUrl (new_shared_sharepointonline_8cf497ea0c604ed08f2761a77882f509)')",
              "folderPath": "/ExportPDF",
              "name": "@outputs('Merge_PDFs')?['body/fileName']",
              "body": "@outputs('Merge_PDFs')?['body/fileContent']"
            },
            "host": {
              "apiId": "/providers/Microsoft.PowerApps/apis/shared_sharepointonline",
              "operationId": "CreateFile",
              "connectionName": "shared_sharepointonline"
            }
          },
          "runAfter": {
            "Merge_PDFs": [
              "Succeeded"
            ]
          },
          "runtimeConfiguration": {
            "contentTransfer": {
              "transferMode": "Chunked"
            }
          },
          "metadata": {
            "operationMetadataId": "e7846e9d-af8a-4373-8459-5057d6172dae"
          }
        },
        "Compose": {
          "type": "Compose",
          "inputs": "@{parameters('BriefingSolutionUrl (new_shared_sharepointonline_8cf497ea0c604ed08f2761a77882f509)')}/_layouts/download.aspx?SourceUrl=@{parameters('BriefingSolutionUrl (new_shared_sharepointonline_8cf497ea0c604ed08f2761a77882f509)')}/@{substring(outputs('Create_file_3')?['body/Path'],1,sub(length(outputs('Create_file_3')?['body/Path']),1))}",
          "runAfter": {
            "Create_file_3": [
              "Succeeded"
            ]
          },
          "metadata": {
            "operationMetadataId": "b9fe8e3a-6032-4e60-b82e-ed77e9c8883c"
          }
        }
      }
    },
    "templateName": null
  },
  "schemaVersion": "1.0.0.0"
}