<ImportExportXml xmlns:xsi="http://www.w3.org/2001/XMLSchema-instance" OrganizationVersion="9.2.25054.180" OrganizationSchemaType="Full" CRMServerServiceabilityVersion="9.2.25054.00180">
  <Entities></Entities>
  <Roles></Roles>
  <Workflows>
    <Workflow WorkflowId="{bbc8f0fa-4940-f011-877a-000d3ae01072}" Name="UploadMasterTemplates">
      <JsonFileName>/Workflows/UploadMasterTemplates-BBC8F0FA-4940-F011-877A-000D3AE01072.json</JsonFileName>
      <Type>1</Type>
      <Subprocess>0</Subprocess>
      <Category>5</Category>
      <Mode>0</Mode>
      <Scope>4</Scope>
      <OnDemand>0</OnDemand>
      <TriggerOnCreate>0</TriggerOnCreate>
      <TriggerOnDelete>0</TriggerOnDelete>
      <AsyncAutodelete>0</AsyncAutodelete>
      <SyncWorkflowLogOnFailure>0</SyncWorkflowLogOnFailure>
      <StateCode>1</StateCode>
      <StatusCode>2</StatusCode>
      <RunAs>1</RunAs>
      <IsTransacted>1</IsTransacted>
      <IntroducedVersion>1.0</IntroducedVersion>
      <IsCustomizable>1</IsCustomizable>
      <BusinessProcessType>0</BusinessProcessType>
      <IsCustomProcessingStepAllowedForOtherPublishers>1</IsCustomProcessingStepAllowedForOtherPublishers>
      <ModernFlowType>0</ModernFlowType>
      <PrimaryEntity>none</PrimaryEntity>
      <LocalizedNames>
        <LocalizedName languagecode="1033" description="UploadMasterTemplates" />
      </LocalizedNames>
    </Workflow>
    <Workflow WorkflowId="{21abd94f-0143-f011-877a-000d3ae01072}" Name="ExportToPDF">
      <JsonFileName>/Workflows/ExportToPDF-21ABD94F-0143-F011-877A-000D3AE01072.json</JsonFileName>
      <Type>1</Type>
      <Subprocess>0</Subprocess>
      <Category>5</Category>
      <Mode>0</Mode>
      <Scope>4</Scope>
      <OnDemand>0</OnDemand>
      <TriggerOnCreate>0</TriggerOnCreate>
      <TriggerOnDelete>0</TriggerOnDelete>
      <AsyncAutodelete>0</AsyncAutodelete>
      <SyncWorkflowLogOnFailure>0</SyncWorkflowLogOnFailure>
      <StateCode>1</StateCode>
      <StatusCode>2</StatusCode>
      <RunAs>1</RunAs>
      <IsTransacted>1</IsTransacted>
      <IntroducedVersion>1.0</IntroducedVersion>
      <IsCustomizable>1</IsCustomizable>
      <BusinessProcessType>0</BusinessProcessType>
      <IsCustomProcessingStepAllowedForOtherPublishers>1</IsCustomProcessingStepAllowedForOtherPublishers>
      <ModernFlowType>0</ModernFlowType>
      <PrimaryEntity>none</PrimaryEntity>
      <LocalizedNames>
        <LocalizedName languagecode="1033" description="ExportToPDF" />
      </LocalizedNames>
    </Workflow>
    <Workflow WorkflowId="{cef70e73-764a-f011-877b-000d3ae01072}" Name="SendEmailsWorkflowHistory">
      <JsonFileName>/Workflows/SendEmailsWorkflowHistory-CEF70E73-764A-F011-877B-000D3AE01072.json</JsonFileName>
      <Type>1</Type>
      <Subprocess>0</Subprocess>
      <Category>5</Category>
      <Mode>0</Mode>
      <Scope>4</Scope>
      <OnDemand>0</OnDemand>
      <TriggerOnCreate>0</TriggerOnCreate>
      <TriggerOnDelete>0</TriggerOnDelete>
      <AsyncAutodelete>0</AsyncAutodelete>
      <SyncWorkflowLogOnFailure>0</SyncWorkflowLogOnFailure>
      <StateCode>1</StateCode>
      <StatusCode>2</StatusCode>
      <RunAs>1</RunAs>
      <IsTransacted>1</IsTransacted>
      <IntroducedVersion>1.0.0.16</IntroducedVersion>
      <IsCustomizable>1</IsCustomizable>
      <BusinessProcessType>0</BusinessProcessType>
      <IsCustomProcessingStepAllowedForOtherPublishers>1</IsCustomProcessingStepAllowedForOtherPublishers>
      <ModernFlowType>0</ModernFlowType>
      <PrimaryEntity>none</PrimaryEntity>
      <LocalizedNames>
        <LocalizedName languagecode="1033" description="SendEmailsWorkflowHistory" />
      </LocalizedNames>
    </Workflow>
    <Workflow WorkflowId="{0ccc4461-244c-f011-877b-000d3ae01072}" Name="CheckDocumentOpened">
      <JsonFileName>/Workflows/CheckDocumentOpened-0CCC4461-244C-F011-877B-000D3AE01072.json</JsonFileName>
      <Type>1</Type>
      <Subprocess>0</Subprocess>
      <Category>5</Category>
      <Mode>0</Mode>
      <Scope>4</Scope>
      <OnDemand>0</OnDemand>
      <TriggerOnCreate>0</TriggerOnCreate>
      <TriggerOnDelete>0</TriggerOnDelete>
      <AsyncAutodelete>0</AsyncAutodelete>
      <SyncWorkflowLogOnFailure>0</SyncWorkflowLogOnFailure>
      <StateCode>1</StateCode>
      <StatusCode>2</StatusCode>
      <RunAs>1</RunAs>
      <IsTransacted>1</IsTransacted>
      <IntroducedVersion>1.0.0.18</IntroducedVersion>
      <IsCustomizable>1</IsCustomizable>
      <BusinessProcessType>0</BusinessProcessType>
      <IsCustomProcessingStepAllowedForOtherPublishers>1</IsCustomProcessingStepAllowedForOtherPublishers>
      <ModernFlowType>0</ModernFlowType>
      <PrimaryEntity>none</PrimaryEntity>
      <LocalizedNames>
        <LocalizedName languagecode="1033" description="CheckDocumentOpened" />
      </LocalizedNames>
    </Workflow>
    <Workflow WorkflowId="{4e1e8e8d-ab33-f011-8c4c-000d3ae01072}" Name="RenameAttachments">
      <JsonFileName>/Workflows/RenameAttachments-4E1E8E8D-AB33-F011-8C4C-000D3AE01072.json</JsonFileName>
      <Type>1</Type>
      <Subprocess>0</Subprocess>
      <Category>5</Category>
      <Mode>0</Mode>
      <Scope>4</Scope>
      <OnDemand>0</OnDemand>
      <TriggerOnCreate>0</TriggerOnCreate>
      <TriggerOnDelete>0</TriggerOnDelete>
      <AsyncAutodelete>0</AsyncAutodelete>
      <SyncWorkflowLogOnFailure>0</SyncWorkflowLogOnFailure>
      <StateCode>1</StateCode>
      <StatusCode>2</StatusCode>
      <RunAs>1</RunAs>
      <IsTransacted>1</IsTransacted>
      <IntroducedVersion>1.0</IntroducedVersion>
      <IsCustomizable>1</IsCustomizable>
      <BusinessProcessType>0</BusinessProcessType>
      <IsCustomProcessingStepAllowedForOtherPublishers>1</IsCustomProcessingStepAllowedForOtherPublishers>
      <ModernFlowType>0</ModernFlowType>
      <PrimaryEntity>none</PrimaryEntity>
      <LocalizedNames>
        <LocalizedName languagecode="1033" description="RenameAttachments" />
      </LocalizedNames>
    </Workflow>
    <Workflow WorkflowId="{6c7d56a4-3e47-f011-877a-000d3ae18b27}" Name="GrantAccessToAllParticipants">
      <JsonFileName>/Workflows/GrantAccessToAllParticipants-6C7D56A4-3E47-F011-877A-000D3AE18B27.json</JsonFileName>
      <Type>1</Type>
      <Subprocess>0</Subprocess>
      <Category>5</Category>
      <Mode>0</Mode>
      <Scope>4</Scope>
      <OnDemand>0</OnDemand>
      <TriggerOnCreate>0</TriggerOnCreate>
      <TriggerOnDelete>0</TriggerOnDelete>
      <AsyncAutodelete>0</AsyncAutodelete>
      <SyncWorkflowLogOnFailure>0</SyncWorkflowLogOnFailure>
      <StateCode>1</StateCode>
      <StatusCode>2</StatusCode>
      <RunAs>1</RunAs>
      <IsTransacted>1</IsTransacted>
      <IntroducedVersion>1.0.0.9</IntroducedVersion>
      <IsCustomizable>1</IsCustomizable>
      <BusinessProcessType>0</BusinessProcessType>
      <IsCustomProcessingStepAllowedForOtherPublishers>1</IsCustomProcessingStepAllowedForOtherPublishers>
      <ModernFlowType>0</ModernFlowType>
      <PrimaryEntity>none</PrimaryEntity>
      <LocalizedNames>
        <LocalizedName languagecode="1033" description="GrantAccessToAllParticipants" />
      </LocalizedNames>
    </Workflow>
    <Workflow WorkflowId="{5fa1501b-ed2b-f011-8c4e-000d3ae18b27}" Name="CreateBriefingDocument">
      <JsonFileName>/Workflows/CreateBriefingDocument-5FA1501B-ED2B-F011-8C4E-000D3AE18B27.json</JsonFileName>
      <Type>1</Type>
      <Subprocess>0</Subprocess>
      <Category>5</Category>
      <Mode>0</Mode>
      <Scope>4</Scope>
      <OnDemand>0</OnDemand>
      <TriggerOnCreate>0</TriggerOnCreate>
      <TriggerOnDelete>0</TriggerOnDelete>
      <AsyncAutodelete>0</AsyncAutodelete>
      <SyncWorkflowLogOnFailure>0</SyncWorkflowLogOnFailure>
      <StateCode>1</StateCode>
      <StatusCode>2</StatusCode>
      <RunAs>1</RunAs>
      <IsTransacted>1</IsTransacted>
      <IntroducedVersion>1.0.0.0</IntroducedVersion>
      <IsCustomizable>1</IsCustomizable>
      <BusinessProcessType>0</BusinessProcessType>
      <IsCustomProcessingStepAllowedForOtherPublishers>1</IsCustomProcessingStepAllowedForOtherPublishers>
      <ModernFlowType>0</ModernFlowType>
      <PrimaryEntity>none</PrimaryEntity>
      <LocalizedNames>
        <LocalizedName languagecode="1033" description="CreateBriefingDocument" />
      </LocalizedNames>
    </Workflow>
    <Workflow WorkflowId="{21b5afe7-ba2c-f011-8c4e-000d3ae18b27}" Name="BriefingApprovalWorkflow">
      <JsonFileName>/Workflows/BriefingApprovalWorkflow-21B5AFE7-BA2C-F011-8C4E-000D3AE18B27.json</JsonFileName>
      <Type>1</Type>
      <Subprocess>0</Subprocess>
      <Category>5</Category>
      <Mode>0</Mode>
      <Scope>4</Scope>
      <OnDemand>0</OnDemand>
      <TriggerOnCreate>0</TriggerOnCreate>
      <TriggerOnDelete>0</TriggerOnDelete>
      <AsyncAutodelete>0</AsyncAutodelete>
      <SyncWorkflowLogOnFailure>0</SyncWorkflowLogOnFailure>
      <StateCode>1</StateCode>
      <StatusCode>2</StatusCode>
      <RunAs>1</RunAs>
      <IsTransacted>1</IsTransacted>
      <IntroducedVersion>1.0.0.0</IntroducedVersion>
      <IsCustomizable>1</IsCustomizable>
      <BusinessProcessType>0</BusinessProcessType>
      <IsCustomProcessingStepAllowedForOtherPublishers>1</IsCustomProcessingStepAllowedForOtherPublishers>
      <ModernFlowType>0</ModernFlowType>
      <PrimaryEntity>none</PrimaryEntity>
      <LocalizedNames>
        <LocalizedName languagecode="1033" description="BriefingApprovalWorkflow" />
      </LocalizedNames>
    </Workflow>
    <Workflow WorkflowId="{c3e65731-c62f-f011-8c4e-000d3ae18b27}" Name="DocumentSharing">
      <JsonFileName>/Workflows/DocumentSharing-C3E65731-C62F-F011-8C4E-000D3AE18B27.json</JsonFileName>
      <Type>1</Type>
      <Subprocess>0</Subprocess>
      <Category>5</Category>
      <Mode>0</Mode>
      <Scope>4</Scope>
      <OnDemand>0</OnDemand>
      <TriggerOnCreate>0</TriggerOnCreate>
      <TriggerOnDelete>0</TriggerOnDelete>
      <AsyncAutodelete>0</AsyncAutodelete>
      <SyncWorkflowLogOnFailure>0</SyncWorkflowLogOnFailure>
      <StateCode>1</StateCode>
      <StatusCode>2</StatusCode>
      <RunAs>1</RunAs>
      <IsTransacted>1</IsTransacted>
      <IntroducedVersion>1.0</IntroducedVersion>
      <IsCustomizable>1</IsCustomizable>
      <BusinessProcessType>0</BusinessProcessType>
      <IsCustomProcessingStepAllowedForOtherPublishers>1</IsCustomProcessingStepAllowedForOtherPublishers>
      <ModernFlowType>0</ModernFlowType>
      <PrimaryEntity>none</PrimaryEntity>
      <LocalizedNames>
        <LocalizedName languagecode="1033" description="DocumentSharing" />
      </LocalizedNames>
    </Workflow>
    <Workflow WorkflowId="{7c3ba197-cf30-f011-8c4e-000d3ae18b27}" Name="UploadAttachmentToDocumentLibrary">
      <JsonFileName>/Workflows/UploadAttachmentToDocumentLibrary-7C3BA197-CF30-F011-8C4E-000D3AE18B27.json</JsonFileName>
      <Type>1</Type>
      <Subprocess>0</Subprocess>
      <Category>5</Category>
      <Mode>0</Mode>
      <Scope>4</Scope>
      <OnDemand>0</OnDemand>
      <TriggerOnCreate>0</TriggerOnCreate>
      <TriggerOnDelete>0</TriggerOnDelete>
      <AsyncAutodelete>0</AsyncAutodelete>
      <SyncWorkflowLogOnFailure>0</SyncWorkflowLogOnFailure>
      <StateCode>1</StateCode>
      <StatusCode>2</StatusCode>
      <RunAs>1</RunAs>
      <IsTransacted>1</IsTransacted>
      <IntroducedVersion>1.0</IntroducedVersion>
      <IsCustomizable>1</IsCustomizable>
      <BusinessProcessType>0</BusinessProcessType>
      <IsCustomProcessingStepAllowedForOtherPublishers>1</IsCustomProcessingStepAllowedForOtherPublishers>
      <ModernFlowType>0</ModernFlowType>
      <PrimaryEntity>none</PrimaryEntity>
      <LocalizedNames>
        <LocalizedName languagecode="1033" description="UploadAttachmentToDocumentLibrary" />
      </LocalizedNames>
    </Workflow>
  </Workflows>
  <FieldSecurityProfiles></FieldSecurityProfiles>
  <Templates />
  <EntityMaps />
  <EntityRelationships />
  <OrganizationSettings />
  <optionsets />
  <CustomControls />
  <EntityDataProviders />
  <CanvasApps>
    <CanvasApp>
      <Name>webandpl_briefingsystem_9cc27</Name>
      <AppVersion>2025-06-18T13:48:48Z</AppVersion>
      <Status>Ready</Status>
      <CreatedByClientVersion>3.25062.8.0</CreatedByClientVersion>
      <MinClientVersion>3.25062.8.0</MinClientVersion>
      <Tags>{"primaryDeviceWidth":"1366","primaryDeviceHeight":"768","supportsPortrait":"true","supportsLandscape":"true","primaryFormFactor":"Tablet","showStatusBar":"false","publisherVersion":"3.25062.8","minimumRequiredApiVersion":"2.2.0","hasComponent":"true","hasUnlockedComponent":"true","isUnifiedRootApp":"false","sienaVersion":"20250618T114702Z-3.25062.8.0"}</Tags>
      <IsCdsUpgraded>0</IsCdsUpgraded>
      <GalleryItemId xsi:nil="true"></GalleryItemId>
      <BackgroundColor>RGBA(0,176,240,1)</BackgroundColor>
      <DisplayName>BriefingSystem</DisplayName>
      <Description xsi:nil="true"></Description>
      <CommitMessage xsi:nil="true"></CommitMessage>
      <Publisher></Publisher>
      <AuthorizationReferences>[]</AuthorizationReferences>
      <ConnectionReferences>{"14e2b139-8919-47f3-a7e6-6df4eebb9c4f":{"id":"/providers/microsoft.powerapps/apis/shared_logicflows","displayName":"Logic flows","iconUri":"https://conn-afd-prod-endpoint-bmc9bqahasf3grgk.b01.azurefd.net/v1.0.1752/1.0.1752.4216/logicflows/icon.png","dataSources":["CreateBriefingDocument"],"dependencies":[],"dependents":[],"parameterHints":{"workflowName":{"value":"bb8727c9-2fd5-4d5c-abca-525a0b0b37e3"},"workflowEntityId":{"value":"5fa1501b-ed2b-f011-8c4e-000d3ae18b27"},"workflowDisplayName":{"value":"CreateBriefingDocument"}},"parameterHintsV2":{"workflowName":{"value":"bb8727c9-2fd5-4d5c-abca-525a0b0b37e3"},"workflowEntityId":{"value":"5fa1501b-ed2b-f011-8c4e-000d3ae18b27"},"workflowDisplayName":{"value":"CreateBriefingDocument"}},"isOnPremiseConnection":false,"bypassConsent":false,"dataSets":{},"apiTier":"Standard","actions":["Run"]},"3150e9f6-a6b9-43dc-93f7-ddc3b70967b4":{"id":"/providers/microsoft.powerapps/apis/shared_logicflows","displayName":"Logic flows","iconUri":"https://conn-afd-prod-endpoint-bmc9bqahasf3grgk.b01.azurefd.net/v1.0.1752/1.0.1752.4216/logicflows/icon.png","dataSources":["DocumentSharing"],"dependencies":[],"dependents":[],"parameterHints":{"workflowName":{"value":"92d86c9c-5e6e-4302-8ebf-ab49618f7c84"},"workflowEntityId":{"value":"c3e65731-c62f-f011-8c4e-000d3ae18b27"},"workflowDisplayName":{"value":"DocumentSharing"}},"parameterHintsV2":{"workflowName":{"value":"92d86c9c-5e6e-4302-8ebf-ab49618f7c84"},"workflowEntityId":{"value":"c3e65731-c62f-f011-8c4e-000d3ae18b27"},"workflowDisplayName":{"value":"DocumentSharing"}},"isOnPremiseConnection":false,"bypassConsent":false,"dataSets":{},"apiTier":"Standard","actions":["Run"]},"81d3bd73-ca2c-4268-a13c-a9eeff264b7c":{"id":"/providers/microsoft.powerapps/apis/shared_logicflows","displayName":"Logic flows","iconUri":"https://conn-afd-prod-endpoint-bmc9bqahasf3grgk.b01.azurefd.net/v1.0.1752/1.0.1752.4216/logicflows/icon.png","dataSources":["UploadMasterTemplates"],"dependencies":[],"dependents":[],"parameterHints":{"workflowName":{"value":"547776e8-edc1-46e1-9359-bd2cedf6a9d5"},"workflowEntityId":{"value":"bbc8f0fa-4940-f011-877a-000d3ae01072"},"workflowDisplayName":{"value":"UploadMasterTemplates"}},"parameterHintsV2":{"workflowName":{"value":"547776e8-edc1-46e1-9359-bd2cedf6a9d5"},"workflowEntityId":{"value":"bbc8f0fa-4940-f011-877a-000d3ae01072"},"workflowDisplayName":{"value":"UploadMasterTemplates"}},"isOnPremiseConnection":false,"bypassConsent":false,"dataSets":{},"apiTier":"Standard","actions":["Run"]},"54f28d97-8bd9-468d-a7c1-8e7574a45cfd":{"id":"/providers/microsoft.powerapps/apis/shared_logicflows","displayName":"Logic flows","iconUri":"https://conn-afd-prod-endpoint-bmc9bqahasf3grgk.b01.azurefd.net/v1.0.1752/1.0.1752.4216/logicflows/icon.png","dataSources":["BriefingApprovalWorkflow"],"dependencies":[],"dependents":[],"parameterHints":{"workflowName":{"value":"348f0a39-7653-4e8b-a23d-47197ba896e9"},"workflowEntityId":{"value":"21b5afe7-ba2c-f011-8c4e-000d3ae18b27"},"workflowDisplayName":{"value":"BriefingApprovalWorkflow"}},"parameterHintsV2":{"workflowName":{"value":"348f0a39-7653-4e8b-a23d-47197ba896e9"},"workflowEntityId":{"value":"21b5afe7-ba2c-f011-8c4e-000d3ae18b27"},"workflowDisplayName":{"value":"BriefingApprovalWorkflow"}},"isOnPremiseConnection":false,"bypassConsent":false,"dataSets":{},"apiTier":"Standard","actions":["Run"]},"7165a3e8-1cf1-4e15-bb58-6be6c2f2179b":{"id":"/providers/microsoft.powerapps/apis/shared_logicflows","displayName":"Logic flows","iconUri":"https://conn-afd-prod-endpoint-bmc9bqahasf3grgk.b01.azurefd.net/v1.0.1752/1.0.1752.4216/logicflows/icon.png","dataSources":["ExportToPDF"],"dependencies":[],"dependents":[],"parameterHints":{"workflowName":{"value":"842274b1-5988-4fd9-8b6f-32a7e75e4113"},"workflowEntityId":{"value":"21abd94f-0143-f011-877a-000d3ae01072"},"workflowDisplayName":{"value":"ExportToPDF"}},"parameterHintsV2":{"workflowName":{"value":"842274b1-5988-4fd9-8b6f-32a7e75e4113"},"workflowEntityId":{"value":"21abd94f-0143-f011-877a-000d3ae01072"},"workflowDisplayName":{"value":"ExportToPDF"}},"isOnPremiseConnection":false,"bypassConsent":false,"dataSets":{},"apiTier":"Standard","actions":["Run"]},"691b2748-89ea-4632-b354-a4287f2d23eb":{"id":"/providers/microsoft.powerapps/apis/shared_logicflows","displayName":"Logic flows","iconUri":"https://conn-afd-prod-endpoint-bmc9bqahasf3grgk.b01.azurefd.net/v1.0.1752/1.0.1752.4216/logicflows/icon.png","dataSources":["GrantAccessToAllParticipants"],"dependencies":["3bbddb1d-4365-4e08-831f-70b88abc5ff5"],"dependents":[],"parameterHints":{"workflowName":{"value":"6adf2ae3-a2e7-4e62-aad7-4930e9dc03e9"},"workflowEntityId":{"value":"6c7d56a4-3e47-f011-877a-000d3ae18b27"},"workflowDisplayName":{"value":"GrantAccessToAllParticipants"},"3bbddb1d-4365-4e08-831f-70b88abc5ff5":{"value":"shared_sharepointonline"}},"parameterHintsV2":{"workflowName":{"value":"6adf2ae3-a2e7-4e62-aad7-4930e9dc03e9"},"workflowEntityId":{"value":"6c7d56a4-3e47-f011-877a-000d3ae18b27"},"workflowDisplayName":{"value":"GrantAccessToAllParticipants"},"shared_sharepointonline":{"value":"3bbddb1d-4365-4e08-831f-70b88abc5ff5"}},"isOnPremiseConnection":false,"bypassConsent":false,"dataSets":{},"apiTier":"Standard","actions":["Run"]},"3bbddb1d-4365-4e08-831f-70b88abc5ff5":{"id":"/providers/microsoft.powerapps/apis/shared_sharepointonline","displayName":"SharePoint","iconUri":"https://conn-afd-prod-endpoint-bmc9bqahasf3grgk.b01.azurefd.net/releases/v1.0.1746/1.0.1746.4174/sharepointonline/icon.png","dataSources":["Master Templates","EmailTemplates","AppUsers","Briefing Templates","ConfigurationList","Departments","test","BriefingWorkflowHistory","Briefing System"],"dependencies":[],"dependents":["691b2748-89ea-4632-b354-a4287f2d23eb","e4a245a8-e606-4ca5-9557-317cac7c8c02"],"parameterHints":{},"parameterHintsV2":{},"isOnPremiseConnection":false,"bypassConsent":false,"dataSets":{"https://parliamentofvictoria.sharepoint.com/sites/Test-BriefingSolution_new_shared_sharepointonline_8cf497ea0c604ed08f2761a77882f509":{"datasetOverride":{"name":"https://parliamentofvictoria.sharepoint.com/sites/Test-BriefingSolution","environmentVariableName":"new_shared_sharepointonline_8cf497ea0c604ed08f2761a77882f509"},"dataSources":{"Master Templates":{"tableName":"f0d0b579-f0a6-4837-be63-b29c544a22d2","tableNameOverride":{"name":"f0d0b579-f0a6-4837-be63-b29c544a22d2","environmentVariableName":"webandpl_shared_sharepointonline_7b773497bb4a4b6f9019bff71c2f6aca"}},"EmailTemplates":{"tableName":"7cc7596f-c0da-43ac-be92-e4ebc801ff96","tableNameOverride":{"name":"7cc7596f-c0da-43ac-be92-e4ebc801ff96","environmentVariableName":"webandpl_shared_sharepointonline_a624f56806bd44839f1bc1bbf79f57c8"}},"AppUsers":{"tableName":"b55cd44e-7e67-41d0-858e-c8baca9c2858","tableNameOverride":{"name":"b55cd44e-7e67-41d0-858e-c8baca9c2858","environmentVariableName":"webandpl_shared_sharepointonline_ae273d3a60834ae0b523d6a43af5f743"}},"Briefing Templates":{"tableName":"27c144ea-243d-469b-8896-12f0ee18b559","tableNameOverride":{"name":"27c144ea-243d-469b-8896-12f0ee18b559","environmentVariableName":"webandpl_shared_sharepointonline_cd046210a7d0483bb35d5f630bb516f9"}},"ConfigurationList":{"tableName":"2c6dfc05-b5bc-45c0-9af8-6f619d875026","tableNameOverride":{"name":"2c6dfc05-b5bc-45c0-9af8-6f619d875026","environmentVariableName":"webandpl_shared_sharepointonline_020c8815239c4a31a83005488759f640"}},"Departments":{"tableName":"7ddbac63-dbcb-47fc-9ef8-29701137d439","tableNameOverride":{"name":"7ddbac63-dbcb-47fc-9ef8-29701137d439","environmentVariableName":"webandpl_shared_sharepointonline_6ea8b2a9ff4f4517877e4795da553b85"}},"test":{"tableName":"a9faf741-8fd8-4718-949b-e29535175070","tableNameOverride":{"name":"a9faf741-8fd8-4718-949b-e29535175070","environmentVariableName":"webandpl_shared_sharepointonline_9cbdaa66a5b74b049562e044b7cfc6b9"}},"BriefingWorkflowHistory":{"tableName":"af29bfce-d23b-46dc-b19d-f624029e8ff5","tableNameOverride":{"name":"af29bfce-d23b-46dc-b19d-f624029e8ff5","environmentVariableName":"webandpl_shared_sharepointonline_ab7775da61274a27b442373b796f97bf"}},"Briefing System":{"tableName":"363567dc-ec1b-4461-ab7d-2a2125691459","tableNameOverride":{"name":"363567dc-ec1b-4461-ab7d-2a2125691459","environmentVariableName":"webandpl_shared_sharepointonline_6b277a49a8bb442f9cc39eee6b15c001"}}}}},"apiTier":"Standard","actions":["providers/PowerPlatform.Governance/Operations/Read","providers/PowerPlatform.Governance/Operations/Write","providers/PowerPlatform.Governance/Operations/Delete"]},"e4a245a8-e606-4ca5-9557-317cac7c8c02":{"id":"/providers/microsoft.powerapps/apis/shared_logicflows","displayName":"Logic flows","iconUri":"https://conn-afd-prod-endpoint-bmc9bqahasf3grgk.b01.azurefd.net/v1.0.1752/1.0.1752.4216/logicflows/icon.png","dataSources":["CheckDocumentOpened"],"dependencies":["3bbddb1d-4365-4e08-831f-70b88abc5ff5"],"dependents":[],"parameterHints":{"workflowName":{"value":"c64e297f-cac7-4d05-81a5-8140c4283563"},"workflowEntityId":{"value":"0ccc4461-244c-f011-877b-000d3ae01072"},"workflowDisplayName":{"value":"CheckDocumentOpened"},"3bbddb1d-4365-4e08-831f-70b88abc5ff5":{"value":"shared_sharepointonline"}},"parameterHintsV2":{"workflowName":{"value":"c64e297f-cac7-4d05-81a5-8140c4283563"},"workflowEntityId":{"value":"0ccc4461-244c-f011-877b-000d3ae01072"},"workflowDisplayName":{"value":"CheckDocumentOpened"},"shared_sharepointonline":{"value":"3bbddb1d-4365-4e08-831f-70b88abc5ff5"}},"isOnPremiseConnection":false,"bypassConsent":false,"dataSets":{},"apiTier":"Standard","actions":["Run"]},"7f192bf9-2535-46c5-ae4d-3dab403ba132":{"id":"/providers/microsoft.powerapps/apis/shared_office365users","displayName":"Office 365 Users","iconUri":"https://conn-afd-prod-endpoint-bmc9bqahasf3grgk.b01.azurefd.net/v1.0.1751/1.0.1751.4213/office365users/icon.png","dataSources":["Office365Users"],"dependencies":[],"dependents":[],"parameterHints":{},"parameterHintsV2":{},"isOnPremiseConnection":false,"bypassConsent":false,"dataSets":{},"apiTier":"Standard","actions":["SearchUser","SearchUserV2"]},"be6c2ffb-8a61-429e-aaea-fb4190dc918b":{"id":"/providers/microsoft.powerapps/apis/shared_logicflows","displayName":"Logic flows","iconUri":"https://conn-afd-prod-endpoint-bmc9bqahasf3grgk.b01.azurefd.net/v1.0.1752/1.0.1752.4216/logicflows/icon.png","dataSources":["UploadAttachmentToDocumentLibrary"],"dependencies":[],"dependents":[],"parameterHints":{"workflowName":{"value":"e8f66ef3-7537-46ad-9bf7-b8590b27e1de"},"workflowEntityId":{"value":"7c3ba197-cf30-f011-8c4e-000d3ae18b27"},"workflowDisplayName":{"value":"UploadAttachmentToDocumentLibrary"}},"parameterHintsV2":{"workflowName":{"value":"e8f66ef3-7537-46ad-9bf7-b8590b27e1de"},"workflowEntityId":{"value":"7c3ba197-cf30-f011-8c4e-000d3ae18b27"},"workflowDisplayName":{"value":"UploadAttachmentToDocumentLibrary"}},"isOnPremiseConnection":false,"bypassConsent":false,"dataSets":{},"apiTier":"Standard","actions":["Run"]},"760b2b59-ce29-4c80-b2df-10dce720538a":{"id":"/providers/microsoft.powerapps/apis/shared_logicflows","displayName":"Logic flows","iconUri":"https://conn-afd-prod-endpoint-bmc9bqahasf3grgk.b01.azurefd.net/v1.0.1752/1.0.1752.4216/logicflows/icon.png","dataSources":["RenameAttachments"],"dependencies":[],"dependents":[],"parameterHints":{"workflowName":{"value":"83060676-1419-4c8f-b79f-f08e8b95a951"},"workflowEntityId":{"value":"4e1e8e8d-ab33-f011-8c4c-000d3ae01072"},"workflowDisplayName":{"value":"RenameAttachments"}},"parameterHintsV2":{"workflowName":{"value":"83060676-1419-4c8f-b79f-f08e8b95a951"},"workflowEntityId":{"value":"4e1e8e8d-ab33-f011-8c4c-000d3ae01072"},"workflowDisplayName":{"value":"RenameAttachments"}},"isOnPremiseConnection":false,"bypassConsent":false,"dataSets":{},"apiTier":"Standard","actions":["Run"]}}</ConnectionReferences>
      <DatabaseReferences>{}</DatabaseReferences>
      <AppComponents>[]</AppComponents>
      <AppComponentDependencies>[]</AppComponentDependencies>
      <CanConsumeAppPass>1</CanConsumeAppPass>
      <CanvasAppType>0</CanvasAppType>
      <BypassConsent>0</BypassConsent>
      <AdminControlBypassConsent>0</AdminControlBypassConsent>
      <EmbeddedApp xsi:nil="true"></EmbeddedApp>
      <IntroducedVersion>1.0</IntroducedVersion>
      <CdsDependencies>{"cdsdependencies":[{"dependencyid":"5fa1501b-ed2b-f011-8c4e-000d3ae18b27","componenttype":29,"componenttypeplatformname":"Workflow"},{"dependencyid":"c3e65731-c62f-f011-8c4e-000d3ae18b27","componenttype":29,"componenttypeplatformname":"Workflow"},{"dependencyid":"bbc8f0fa-4940-f011-877a-000d3ae01072","componenttype":29,"componenttypeplatformname":"Workflow"},{"dependencyid":"21b5afe7-ba2c-f011-8c4e-000d3ae18b27","componenttype":29,"componenttypeplatformname":"Workflow"},{"dependencyid":"21abd94f-0143-f011-877a-000d3ae01072","componenttype":29,"componenttypeplatformname":"Workflow"},{"dependencyid":"6c7d56a4-3e47-f011-877a-000d3ae18b27","componenttype":29,"componenttypeplatformname":"Workflow"},{"dependencyid":"0ccc4461-244c-f011-877b-000d3ae01072","componenttype":29,"componenttypeplatformname":"Workflow"},{"dependencyid":"7c3ba197-cf30-f011-8c4e-000d3ae18b27","componenttype":29,"componenttypeplatformname":"Workflow"},{"dependencyid":"4e1e8e8d-ab33-f011-8c4c-000d3ae01072","componenttype":29,"componenttypeplatformname":"Workflow"},{"logicalname":"new_shared_sharepointonline_8cf497ea0c604ed08f2761a77882f509","componenttype":380,"componenttypeplatformname":"EnvironmentVariableDefinition"},{"logicalname":"webandpl_shared_sharepointonline_7b773497bb4a4b6f9019bff71c2f6aca","componenttype":380,"componenttypeplatformname":"EnvironmentVariableDefinition"},{"logicalname":"webandpl_shared_sharepointonline_a624f56806bd44839f1bc1bbf79f57c8","componenttype":380,"componenttypeplatformname":"EnvironmentVariableDefinition"},{"logicalname":"webandpl_shared_sharepointonline_ae273d3a60834ae0b523d6a43af5f743","componenttype":380,"componenttypeplatformname":"EnvironmentVariableDefinition"},{"logicalname":"webandpl_shared_sharepointonline_cd046210a7d0483bb35d5f630bb516f9","componenttype":380,"componenttypeplatformname":"EnvironmentVariableDefinition"},{"logicalname":"webandpl_shared_sharepointonline_020c8815239c4a31a83005488759f640","componenttype":380,"componenttypeplatformname":"EnvironmentVariableDefinition"},{"logicalname":"webandpl_shared_sharepointonline_6ea8b2a9ff4f4517877e4795da553b85","componenttype":380,"componenttypeplatformname":"EnvironmentVariableDefinition"},{"logicalname":"webandpl_shared_sharepointonline_9cbdaa66a5b74b049562e044b7cfc6b9","componenttype":380,"componenttypeplatformname":"EnvironmentVariableDefinition"},{"logicalname":"webandpl_shared_sharepointonline_ab7775da61274a27b442373b796f97bf","componenttype":380,"componenttypeplatformname":"EnvironmentVariableDefinition"},{"logicalname":"webandpl_shared_sharepointonline_6b277a49a8bb442f9cc39eee6b15c001","componenttype":380,"componenttypeplatformname":"EnvironmentVariableDefinition"}]}</CdsDependencies>
      <IsCustomizable>1</IsCustomizable>
      <BackgroundImageUri>/CanvasApps/webandpl_briefingsystem_9cc27_BackgroundImageUri</BackgroundImageUri>
      <DocumentUri>/CanvasApps/webandpl_briefingsystem_9cc27_DocumentUri.msapp</DocumentUri>
      <AdditionalUris>
        <AdditionalUri>/CanvasApps/webandpl_briefingsystem_9cc27_AdditionalUris0_identity.json</AdditionalUri>
      </AdditionalUris>
    </CanvasApp>
  </CanvasApps>
  <connectionreferences>
    <connectionreference connectionreferencelogicalname="new_sharedadobepdftools_c8fb7">
      <connectionreferencedisplayname>Adobe PDF Services</connectionreferencedisplayname>
      <connectorid>/providers/Microsoft.PowerApps/apis/shared_adobepdftools</connectorid>
      <iscustomizable>1</iscustomizable>
      <promptingbehavior>0</promptingbehavior>
      <statecode>0</statecode>
      <statuscode>1</statuscode>
    </connectionreference>
    <connectionreference connectionreferencelogicalname="webandpl_sharedapprovals_e0a25">
      <connectionreferencedisplayname>Approvals BriefingSystem-e0a25</connectionreferencedisplayname>
      <connectorid>/providers/Microsoft.PowerApps/apis/shared_approvals</connectorid>
      <iscustomizable>1</iscustomizable>
      <promptingbehavior>0</promptingbehavior>
      <statecode>0</statecode>
      <statuscode>1</statuscode>
    </connectionreference>
    <connectionreference connectionreferencelogicalname="webandpl_sharedoffice365_44a44">
      <connectionreferencedisplayname>Office 365 Outlook BriefingSystem-44a44</connectionreferencedisplayname>
      <connectorid>/providers/Microsoft.PowerApps/apis/shared_office365</connectorid>
      <iscustomizable>1</iscustomizable>
      <promptingbehavior>0</promptingbehavior>
      <statecode>0</statecode>
      <statuscode>1</statuscode>
    </connectionreference>
    <connectionreference connectionreferencelogicalname="webandpl_sharedoffice365groups_c5f03">
      <connectionreferencedisplayname>Office 365 Groups BriefingSystem-c5f03</connectionreferencedisplayname>
      <connectorid>/providers/Microsoft.PowerApps/apis/shared_office365groups</connectorid>
      <iscustomizable>1</iscustomizable>
      <promptingbehavior>0</promptingbehavior>
      <statecode>0</statecode>
      <statuscode>1</statuscode>
    </connectionreference>
    <connectionreference connectionreferencelogicalname="webandpl_sharedsharepointonline_68dfe">
      <connectionreferencedisplayname>SharePoint BriefingSystem-68dfe</connectionreferencedisplayname>
      <connectorid>/providers/Microsoft.PowerApps/apis/shared_sharepointonline</connectorid>
      <iscustomizable>1</iscustomizable>
      <promptingbehavior>0</promptingbehavior>
      <statecode>0</statecode>
      <statuscode>1</statuscode>
    </connectionreference>
    <connectionreference connectionreferencelogicalname="webandpl_sharedteams_38e6b">
      <connectionreferencedisplayname>Microsoft Teams BriefingSystem-38e6b</connectionreferencedisplayname>
      <connectorid>/providers/Microsoft.PowerApps/apis/shared_teams</connectorid>
      <iscustomizable>1</iscustomizable>
      <promptingbehavior>0</promptingbehavior>
      <statecode>0</statecode>
      <statuscode>1</statuscode>
    </connectionreference>
  </connectionreferences>
  <Languages>
    <Language>1033</Language>
  </Languages>
</ImportExportXml>