<environmentvariabledefinition schemaname="webandpl_shared_sharepointonline_cd046210a7d0483bb35d5f630bb516f9">
  <apiid>/providers/microsoft.powerapps/apis/shared_sharepointonline</apiid>
  <displayname default="Briefing Templates">
    <label description="Briefing Templates" languagecode="1033" />
  </displayname>
  <introducedversion>1.0.0.6</introducedversion>
  <iscustomizable>1</iscustomizable>
  <isrequired>0</isrequired>
  <parameterkey>table</parameterkey>
  <parentdefinitionid>
    <schemaname>new_shared_sharepointonline_8cf497ea0c604ed08f2761a77882f509</schemaname>
  </parentdefinitionid>
  <secretstore>0</secretstore>
  <type>100000004</type>
</environmentvariabledefinition>