{
  "properties": {
    "connectionReferences": {
      "shared_sharepointonline": {
        "api": {
          "name": "shared_sharepointonline"
        },
        "connection": {
          "connectionReferenceLogicalName": "webandpl_sharedsharepointonline_68dfe"
        },
        "runtimeSource": "embedded"
      },
      "shared_office365": {
        "api": {
          "name": "shared_office365"
        },
        "connection": {
          "connectionReferenceLogicalName": "webandpl_sharedoffice365_44a44"
        },
        "runtimeSource": "embedded"
      },
      "shared_adobepdftools": {
        "api": {
          "name": "shared_adobepdftools"
        },
        "connection": {
          "connectionReferenceLogicalName": "new_sharedadobepdftools_c8fb7"
        },
        "runtimeSource": "embedded"
      }
    },
    "definition": {
      "$schema": "https://schema.management.azure.com/providers/Microsoft.Logic/schemas/2016-06-01/workflowdefinition.json#",
      "contentVersion": "1.0.0.0",
      "parameters": {
        "$authentication": {
          "defaultValue": {},
          "type": "SecureObject"
        },
        "$connections": {
          "defaultValue": {},
          "type": "Object"
        },
        "AppUrl (webandpl_AppUrl)": {
          "defaultValue": "https://apps.powerapps.com/play/e/c29d3fef-55bd-43c9-a339-4dccd07dff3b/a/2cd5ca1b-29fb-4157-b332-954f0cacb5df?tenantId=821af0ec-3140-4137-af0e-6690286fb673&hint=56ea9158-8955-4c72-a1e7-b2ff9a335f61&sourcetime=1749572004621",
          "type": "String",
          "metadata": {
            "schemaName": "webandpl_AppUrl"
          }
        },
        "BriefingSolutionUrl (new_shared_sharepointonline_8cf497ea0c604ed08f2761a77882f509)": {
          "defaultValue": "https://parliamentofvictoria.sharepoint.com/sites/Test-BriefingSolution",
          "type": "String",
          "metadata": {
            "schemaName": "new_shared_sharepointonline_8cf497ea0c604ed08f2761a77882f509"
          }
        },
        "BriefingWorkflowHistory (webandpl_shared_sharepointonline_ab7775da61274a27b442373b796f97bf)": {
          "defaultValue": "af29bfce-d23b-46dc-b19d-f624029e8ff5",
          "type": "String",
          "metadata": {
            "schemaName": "webandpl_shared_sharepointonline_ab7775da61274a27b442373b796f97bf"
          }
        },
        "Briefing System (webandpl_shared_sharepointonline_6b277a49a8bb442f9cc39eee6b15c001)": {
          "defaultValue": "363567dc-ec1b-4461-ab7d-2a2125691459",
          "type": "String",
          "metadata": {
            "schemaName": "webandpl_shared_sharepointonline_6b277a49a8bb442f9cc39eee6b15c001"
          }
        },
        "EmailTemplates (webandpl_shared_sharepointonline_a624f56806bd44839f1bc1bbf79f57c8)": {
          "defaultValue": "7cc7596f-c0da-43ac-be92-e4ebc801ff96",
          "type": "String",
          "metadata": {
            "schemaName": "webandpl_shared_sharepointonline_a624f56806bd44839f1bc1bbf79f57c8"
          }
        }
      },
      "triggers": {
        "manual": {
          "type": "Request",
          "kind": "PowerAppV2",
          "inputs": {
            "schema": {
              "type": "object",
              "properties": {
                "number": {
                  "description": "Please enter a number",
                  "title": "ItemID",
                  "type": "number",
                  "x-ms-content-hint": "NUMBER",
                  "x-ms-dynamically-added": true
                },
                "text": {
                  "title": "Message",
                  "type": "string",
                  "x-ms-dynamically-added": true,
                  "description": "Please enter your input",
                  "x-ms-content-hint": "TEXT"
                },
                "text_1": {
                  "title": "NotifyType",
                  "type": "string",
                  "x-ms-dynamically-added": true,
                  "description": "Please enter your input",
                  "x-ms-content-hint": "TEXT"
                }
              },
              "required": [
                "number",
                "text",
                "text_1"
              ]
            }
          },
          "metadata": {
            "operationMetadataId": "ae2aa6b8-1cd2-4963-b7db-1ce3028f04bb"
          }
        }
      },
      "actions": {
        "Switch": {
          "type": "Switch",
          "expression": "@outputs('BriefingItem')?['body/TempStatus/Value']",
          "default": {
            "actions": {}
          },
          "cases": {
            "SendEmailToDrafters": {
              "actions": {
                "Update_file_properties": {
                  "type": "OpenApiConnection",
                  "inputs": {
                    "parameters": {
                      "dataset": "@parameters('BriefingSolutionUrl (new_shared_sharepointonline_8cf497ea0c604ed08f2761a77882f509)')",
                      "table": "@parameters('Briefing System (webandpl_shared_sharepointonline_6b277a49a8bb442f9cc39eee6b15c001)')",
                      "id": "@triggerBody()?['number']",
                      "item/Assignee": [
                        {
                          "Claims": "@concat('i:0#.f|membership|',outputs('BriefingItem')?['body/LeadDrafterEmail'])"
                        }
                      ],
                      "item/AssignedOn": "@utcNow()",
                      "item/Status/Value": "Draft",
                      "item/TransactionID": "@outputs('BriefingItem')?['body/TransactionID']",
                      "item/TriggerWorkflow": false,
                      "item/WorkflowInstance": "@variables('WorkflowInstance')"
                    },
                    "host": {
                      "apiId": "/providers/Microsoft.PowerApps/apis/shared_sharepointonline",
                      "operationId": "PatchFileItem",
                      "connectionName": "shared_sharepointonline"
                    }
                  },
                  "metadata": {
                    "operationMetadataId": "86e84c45-5d18-4900-86a8-7ecf546b9039"
                  }
                },
                "Append_to_string_variable": {
                  "type": "AppendToStringVariable",
                  "inputs": {
                    "name": "TOEmails",
                    "value": "@outputs('Update_file_properties')?['body/LeadDrafter/Email']"
                  },
                  "runAfter": {
                    "Create_Task_for_Lead_Drafter": [
                      "Succeeded"
                    ]
                  },
                  "metadata": {
                    "operationMetadataId": "b8bfa2bd-e342-4e96-b45d-f679e008e0d7"
                  }
                },
                "Create_Task_for_Lead_Drafter": {
                  "type": "OpenApiConnection",
                  "inputs": {
                    "parameters": {
                      "dataset": "@parameters('BriefingSolutionUrl (new_shared_sharepointonline_8cf497ea0c604ed08f2761a77882f509)')",
                      "table": "@parameters('BriefingWorkflowHistory (webandpl_shared_sharepointonline_ab7775da61274a27b442373b796f97bf)')",
                      "item/Approver/Claims": "@outputs('Update_file_properties')?['body/LeadDrafter/Claims']",
                      "item/Stage": "Drafting",
                      "item/WorkflowInstance": "@variables('WorkflowInstance')"
                    },
                    "host": {
                      "apiId": "/providers/Microsoft.PowerApps/apis/shared_sharepointonline",
                      "operationId": "PostItem",
                      "connectionName": "shared_sharepointonline"
                    }
                  },
                  "runAfter": {
                    "Update_file_properties": [
                      "Succeeded"
                    ]
                  },
                  "metadata": {
                    "operationMetadataId": "19bbd09b-0d97-436a-a70d-9caa8b515709"
                  }
                }
              },
              "case": "SentToDraft"
            },
            "SendEmailToEndorsers": {
              "actions": {
                "For_each_1": {
                  "type": "Foreach",
                  "foreach": "@outputs('BriefingItem')?['body/Endorsers']",
                  "actions": {
                    "Append_to_array_variable": {
                      "type": "AppendToArrayVariable",
                      "inputs": {
                        "name": "Assignees",
                        "value": {
                          "Claims": "@{items('For_each_1')?['Claims']}"
                        }
                      },
                      "metadata": {
                        "operationMetadataId": "6d18b2cf-d268-4369-8fad-51f16c853789"
                      }
                    },
                    "Create_item": {
                      "type": "OpenApiConnection",
                      "inputs": {
                        "parameters": {
                          "dataset": "@parameters('BriefingSolutionUrl (new_shared_sharepointonline_8cf497ea0c604ed08f2761a77882f509)')",
                          "table": "@parameters('BriefingWorkflowHistory (webandpl_shared_sharepointonline_ab7775da61274a27b442373b796f97bf)')",
                          "item/Approver/Claims": "@items('For_each_1')?['Claims']",
                          "item/ParentID/Id": "@triggerBody()?['number']",
                          "item/Stage": "Endorser Level",
                          "item/WorkflowInstance": "@variables('WorkflowInstance')"
                        },
                        "host": {
                          "apiId": "/providers/Microsoft.PowerApps/apis/shared_sharepointonline",
                          "operationId": "PostItem",
                          "connectionName": "shared_sharepointonline"
                        }
                      },
                      "runAfter": {
                        "Append_to_array_variable": [
                          "Succeeded"
                        ]
                      },
                      "metadata": {
                        "operationMetadataId": "dc7874bb-b744-413c-b832-b0990b7a0afd"
                      }
                    },
                    "Send_an_email_(V2)_1": {
                      "type": "OpenApiConnection",
                      "inputs": {
                        "parameters": {
                          "emailMessage/To": "@replace(item()?['Claims'],'i:0#.f|membership|','')",
                          "emailMessage/Subject": "@outputs('Subject')",
                          "emailMessage/Body": "<p class=\"editor-paragraph\">Dear @{outputs('Get_item_3')?['body/Approver/DisplayName']},<br><br>You have been requested to endorse the following briefing note:<br><br>Briefing Title: @{outputs('BriefingItem')?['body/Title']}<br>Briefing ID: @{outputs('BriefingItem')?['body/TransactionID']}<br>Submitted By: @{outputs('BriefingItem')?['body/RequestCreatedBy']}<br>Date Submitted for Endorsement: @{formatDateTime(utcNow(),'dd-MM-yyyy')}<br>Access the Briefing:@{outputs('ClickHere')} to view the briefing in the system.</p>",
                          "emailMessage/Importance": "Normal"
                        },
                        "host": {
                          "apiId": "/providers/Microsoft.PowerApps/apis/shared_office365",
                          "operationId": "SendEmailV2",
                          "connectionName": "shared_office365"
                        }
                      },
                      "runAfter": {
                        "Get_item_3": [
                          "Succeeded"
                        ]
                      },
                      "metadata": {
                        "operationMetadataId": "238626d7-4618-4b56-b8c3-97938f22aa61"
                      }
                    },
                    "Get_item_3": {
                      "type": "OpenApiConnection",
                      "inputs": {
                        "parameters": {
                          "dataset": "@parameters('BriefingSolutionUrl (new_shared_sharepointonline_8cf497ea0c604ed08f2761a77882f509)')",
                          "table": "@parameters('BriefingWorkflowHistory (webandpl_shared_sharepointonline_ab7775da61274a27b442373b796f97bf)')",
                          "id": "@outputs('Create_item')?['body/ID']"
                        },
                        "host": {
                          "apiId": "/providers/Microsoft.PowerApps/apis/shared_sharepointonline",
                          "operationId": "GetItem",
                          "connectionName": "shared_sharepointonline"
                        }
                      },
                      "runAfter": {
                        "Create_item": [
                          "Succeeded"
                        ]
                      },
                      "metadata": {
                        "operationMetadataId": "6e921bbc-1d2f-4e2d-aa8f-127f62bb2c70"
                      }
                    }
                  },
                  "runAfter": {
                    "Subject": [
                      "Succeeded"
                    ]
                  },
                  "metadata": {
                    "operationMetadataId": "fa1bdd71-3af7-4845-9daa-bcc099229fdd"
                  }
                },
                "Update_file_properties_1": {
                  "type": "OpenApiConnection",
                  "inputs": {
                    "parameters": {
                      "dataset": "@parameters('BriefingSolutionUrl (new_shared_sharepointonline_8cf497ea0c604ed08f2761a77882f509)')",
                      "table": "@parameters('Briefing System (webandpl_shared_sharepointonline_6b277a49a8bb442f9cc39eee6b15c001)')",
                      "id": "@triggerBody()?['number']",
                      "item/Assignee": "@variables('Assignees')",
                      "item/AssignedOn": "@utcNow()",
                      "item/Status/Value": "Awaiting Endorsement",
                      "item/TriggerWorkflow": false,
                      "item/WorkflowInstance": "@variables('WorkflowInstance')"
                    },
                    "host": {
                      "apiId": "/providers/Microsoft.PowerApps/apis/shared_sharepointonline",
                      "operationId": "PatchFileItem",
                      "connectionName": "shared_sharepointonline"
                    }
                  },
                  "runAfter": {
                    "For_each_1": [
                      "Succeeded"
                    ]
                  },
                  "metadata": {
                    "operationMetadataId": "dfee84dd-792a-4145-9f98-ce27d5b77628"
                  }
                },
                "Submit_for_endorsement": {
                  "type": "Query",
                  "inputs": {
                    "from": "@outputs('EmailTemplates')?['body/value']",
                    "where": "@equals(item()?['Title'],'Submit for endorsement')"
                  },
                  "metadata": {
                    "operationMetadataId": "a76a797b-100d-4bcc-902c-e49d73df6efe"
                  }
                },
                "Subject": {
                  "type": "Compose",
                  "inputs": "@replace(replace(body('Submit_for_endorsement')[0]['Subject'],'[Briefing ID]',outputs('BriefingItem')?['body/TransactionID']),'[Briefing Title]',outputs('BriefingItem')?['body/Title'])",
                  "runAfter": {
                    "Submit_for_endorsement": [
                      "Succeeded"
                    ]
                  },
                  "metadata": {
                    "operationMetadataId": "cb7a789c-2669-477c-9e88-b3ea043e9a56"
                  }
                }
              },
              "case": "SentToEndorser"
            },
            "Awaiting_Decision": {
              "actions": {
                "Apply_to_each_5": {
                  "type": "Foreach",
                  "foreach": "@outputs('BriefingItem')?['body/DecisionMakers']",
                  "actions": {
                    "Append_to_array_variable_2": {
                      "type": "AppendToArrayVariable",
                      "inputs": {
                        "name": "Assignees",
                        "value": {
                          "Claims": "@{items('Apply_to_each_5')?['Claims']}"
                        }
                      },
                      "metadata": {
                        "operationMetadataId": "417af5a7-a5af-4b56-b511-81fa637bfafb"
                      }
                    },
                    "Create_Approval_Task_for_Decision_Authority": {
                      "type": "OpenApiConnection",
                      "inputs": {
                        "parameters": {
                          "dataset": "@parameters('BriefingSolutionUrl (new_shared_sharepointonline_8cf497ea0c604ed08f2761a77882f509)')",
                          "table": "@parameters('BriefingWorkflowHistory (webandpl_shared_sharepointonline_ab7775da61274a27b442373b796f97bf)')",
                          "item/Approver/Claims": "@items('Apply_to_each_5')?['Claims']",
                          "item/ParentID/Id": "@triggerBody()?['number']",
                          "item/Stage": "Decision Authority Level",
                          "item/WorkflowInstance": "@variables('WorkflowInstance')"
                        },
                        "host": {
                          "apiId": "/providers/Microsoft.PowerApps/apis/shared_sharepointonline",
                          "operationId": "PostItem",
                          "connectionName": "shared_sharepointonline"
                        }
                      },
                      "runAfter": {
                        "Append_to_array_variable_2": [
                          "Succeeded"
                        ]
                      },
                      "metadata": {
                        "operationMetadataId": "108a008b-1c78-4eb8-bbda-acf936e05e12"
                      }
                    }
                  },
                  "metadata": {
                    "operationMetadataId": "a15a5075-5bf7-428e-a780-5782716aa09d"
                  }
                },
                "Update_file_properties_3": {
                  "type": "OpenApiConnection",
                  "inputs": {
                    "parameters": {
                      "dataset": "@parameters('BriefingSolutionUrl (new_shared_sharepointonline_8cf497ea0c604ed08f2761a77882f509)')",
                      "table": "@parameters('Briefing System (webandpl_shared_sharepointonline_6b277a49a8bb442f9cc39eee6b15c001)')",
                      "id": "@triggerBody()?['number']",
                      "item/Assignee": "@variables('Assignees')",
                      "item/Status/Value": "Awaiting Decision",
                      "item/TriggerWorkflow": false,
                      "item/WorkflowInstance": "@variables('WorkflowInstance')"
                    },
                    "host": {
                      "apiId": "/providers/Microsoft.PowerApps/apis/shared_sharepointonline",
                      "operationId": "PatchFileItem",
                      "connectionName": "shared_sharepointonline"
                    }
                  },
                  "runAfter": {
                    "Apply_to_each_5": [
                      "Succeeded"
                    ]
                  },
                  "metadata": {
                    "operationMetadataId": "aeea6fdb-5af1-44ed-abbd-a786594a28cc"
                  }
                }
              },
              "case": "SentToDecision"
            },
            "Finalization": {
              "actions": {
                "Get_file_content": {
                  "type": "OpenApiConnection",
                  "inputs": {
                    "parameters": {
                      "dataset": "@parameters('BriefingSolutionUrl (new_shared_sharepointonline_8cf497ea0c604ed08f2761a77882f509)')",
                      "id": "@outputs('BriefingItem')?['body/{Identifier}']",
                      "inferContentType": true
                    },
                    "host": {
                      "apiId": "/providers/Microsoft.PowerApps/apis/shared_sharepointonline",
                      "operationId": "GetFileContent",
                      "connectionName": "shared_sharepointonline"
                    }
                  },
                  "metadata": {
                    "operationMetadataId": "d8d06f99-8245-478c-8f7b-1eb0eeb341fc"
                  }
                },
                "Update_file_properties_4": {
                  "type": "OpenApiConnection",
                  "inputs": {
                    "parameters": {
                      "dataset": "@parameters('BriefingSolutionUrl (new_shared_sharepointonline_8cf497ea0c604ed08f2761a77882f509)')",
                      "table": "@parameters('Briefing System (webandpl_shared_sharepointonline_6b277a49a8bb442f9cc39eee6b15c001)')",
                      "id": "@triggerBody()?['number']",
                      "item/Assignee": "@null",
                      "item/Status/Value": "Completed",
                      "item/TriggerWorkflow": false,
                      "item/ArchivedPDFFile": "@outputs('Get_item')?['body/{Link}']"
                    },
                    "host": {
                      "apiId": "/providers/Microsoft.PowerApps/apis/shared_sharepointonline",
                      "operationId": "PatchFileItem",
                      "connectionName": "shared_sharepointonline"
                    }
                  },
                  "runAfter": {
                    "Get_item": [
                      "Succeeded"
                    ]
                  },
                  "metadata": {
                    "operationMetadataId": "19051c6a-42b2-483e-af00-d359f6da3e74"
                  }
                },
                "Convert_Word_to_PDF": {
                  "type": "OpenApiConnection",
                  "inputs": {
                    "parameters": {
                      "inputFileName": "@outputs('BriefingItem')?['body/{FilenameWithExtension}']",
                      "InputFile0/body": "@body('Get_file_content')",
                      "x-region-value": "-ue1"
                    },
                    "host": {
                      "apiId": "/providers/Microsoft.PowerApps/apis/shared_adobepdftools",
                      "operationId": "CreatePDFFromWord",
                      "connectionName": "shared_adobepdftools"
                    }
                  },
                  "runAfter": {
                    "Get_file_content": [
                      "Succeeded"
                    ]
                  },
                  "metadata": {
                    "operationMetadataId": "b1b49824-4ef4-4423-b61f-0c30cd126c69"
                  }
                },
                "Create_file": {
                  "type": "OpenApiConnection",
                  "inputs": {
                    "parameters": {
                      "dataset": "@parameters('BriefingSolutionUrl (new_shared_sharepointonline_8cf497ea0c604ed08f2761a77882f509)')",
                      "folderPath": "/Briefing System/@{outputs('BriefingItem')?['body/TransactionID']}",
                      "name": "@outputs('Convert_Word_to_PDF')?['body/fileName']",
                      "body": "@outputs('Convert_Word_to_PDF')?['body/fileContent']"
                    },
                    "host": {
                      "apiId": "/providers/Microsoft.PowerApps/apis/shared_sharepointonline",
                      "operationId": "CreateFile",
                      "connectionName": "shared_sharepointonline"
                    }
                  },
                  "runAfter": {
                    "Convert_Word_to_PDF": [
                      "Succeeded"
                    ]
                  },
                  "runtimeConfiguration": {
                    "contentTransfer": {
                      "transferMode": "Chunked"
                    }
                  },
                  "metadata": {
                    "operationMetadataId": "9172331b-fd1f-4f8b-b1d1-05abb95dda41"
                  }
                },
                "Get_item": {
                  "type": "OpenApiConnection",
                  "inputs": {
                    "parameters": {
                      "dataset": "@parameters('BriefingSolutionUrl (new_shared_sharepointonline_8cf497ea0c604ed08f2761a77882f509)')",
                      "table": "@parameters('Briefing System (webandpl_shared_sharepointonline_6b277a49a8bb442f9cc39eee6b15c001)')",
                      "id": "@outputs('Create_file')?['body/ItemId']"
                    },
                    "host": {
                      "apiId": "/providers/Microsoft.PowerApps/apis/shared_sharepointonline",
                      "operationId": "GetItem",
                      "connectionName": "shared_sharepointonline"
                    }
                  },
                  "runAfter": {
                    "Create_file": [
                      "Succeeded"
                    ]
                  },
                  "metadata": {
                    "operationMetadataId": "8e96316d-ad11-4668-803b-e7ab0574088e"
                  }
                }
              },
              "case": "Completed"
            },
            "NRN": {
              "actions": {
                "Get_file_content_1": {
                  "type": "OpenApiConnection",
                  "inputs": {
                    "parameters": {
                      "dataset": "@parameters('BriefingSolutionUrl (new_shared_sharepointonline_8cf497ea0c604ed08f2761a77882f509)')",
                      "id": "@outputs('BriefingItem')?['body/{Identifier}']",
                      "inferContentType": true
                    },
                    "host": {
                      "apiId": "/providers/Microsoft.PowerApps/apis/shared_sharepointonline",
                      "operationId": "GetFileContent",
                      "connectionName": "shared_sharepointonline"
                    }
                  },
                  "metadata": {
                    "operationMetadataId": "afae4059-459d-4164-b6ce-d3556963df04"
                  }
                },
                "Create_file_3": {
                  "type": "OpenApiConnection",
                  "inputs": {
                    "parameters": {
                      "dataset": "@parameters('BriefingSolutionUrl (new_shared_sharepointonline_8cf497ea0c604ed08f2761a77882f509)')",
                      "folderPath": "/Briefing System/@{outputs('BriefingItem')?['body/TransactionID']}",
                      "name": "@outputs('Convert_Word_to_PDF_1')?['body/fileName']",
                      "body": "@outputs('Convert_Word_to_PDF_1')?['body/fileContent']"
                    },
                    "host": {
                      "apiId": "/providers/Microsoft.PowerApps/apis/shared_sharepointonline",
                      "operationId": "CreateFile",
                      "connectionName": "shared_sharepointonline"
                    }
                  },
                  "runAfter": {
                    "Convert_Word_to_PDF_1": [
                      "Succeeded"
                    ]
                  },
                  "runtimeConfiguration": {
                    "contentTransfer": {
                      "transferMode": "Chunked"
                    }
                  },
                  "metadata": {
                    "operationMetadataId": "1105ec28-ab67-4e86-8e19-8059b47768a5"
                  }
                },
                "Get_item_1": {
                  "type": "OpenApiConnection",
                  "inputs": {
                    "parameters": {
                      "dataset": "@parameters('BriefingSolutionUrl (new_shared_sharepointonline_8cf497ea0c604ed08f2761a77882f509)')",
                      "table": "@parameters('Briefing System (webandpl_shared_sharepointonline_6b277a49a8bb442f9cc39eee6b15c001)')",
                      "id": "@outputs('Create_file_3')?['body/ItemId']"
                    },
                    "host": {
                      "apiId": "/providers/Microsoft.PowerApps/apis/shared_sharepointonline",
                      "operationId": "GetItem",
                      "connectionName": "shared_sharepointonline"
                    }
                  },
                  "runAfter": {
                    "Create_file_3": [
                      "Succeeded"
                    ]
                  },
                  "metadata": {
                    "operationMetadataId": "58c984c4-e43a-421f-9c33-4a19b059921b"
                  }
                },
                "Update_file_properties_5": {
                  "type": "OpenApiConnection",
                  "inputs": {
                    "parameters": {
                      "dataset": "@parameters('BriefingSolutionUrl (new_shared_sharepointonline_8cf497ea0c604ed08f2761a77882f509)')",
                      "table": "@parameters('Briefing System (webandpl_shared_sharepointonline_6b277a49a8bb442f9cc39eee6b15c001)')",
                      "id": "@triggerBody()?['number']",
                      "item/Assignee": "@null",
                      "item/Status/Value": "NRN (No Response Needed)",
                      "item/TriggerWorkflow": false,
                      "item/ArchivedPDFFile": "@outputs('Get_item_1')?['body/{Link}']"
                    },
                    "host": {
                      "apiId": "/providers/Microsoft.PowerApps/apis/shared_sharepointonline",
                      "operationId": "PatchFileItem",
                      "connectionName": "shared_sharepointonline"
                    }
                  },
                  "runAfter": {
                    "Get_item_1": [
                      "Succeeded"
                    ]
                  },
                  "metadata": {
                    "operationMetadataId": "56a00fdd-d72a-4294-b989-91b132d3246e"
                  }
                },
                "Convert_Word_to_PDF_1": {
                  "type": "OpenApiConnection",
                  "inputs": {
                    "parameters": {
                      "inputFileName": "@outputs('BriefingItem')?['body/{FilenameWithExtension}']",
                      "InputFile0/body": "@body('Get_file_content_1')",
                      "x-region-value": "-ue1"
                    },
                    "host": {
                      "apiId": "/providers/Microsoft.PowerApps/apis/shared_adobepdftools",
                      "operationId": "CreatePDFFromWord",
                      "connectionName": "shared_adobepdftools"
                    }
                  },
                  "runAfter": {
                    "Get_file_content_1": [
                      "Succeeded"
                    ]
                  },
                  "metadata": {
                    "operationMetadataId": "2c950b39-559b-457c-8d80-cfacd2b94998"
                  }
                }
              },
              "case": "NRN (No Response Needed)"
            },
            "Voided": {
              "actions": {
                "Get_file_content_2": {
                  "type": "OpenApiConnection",
                  "inputs": {
                    "parameters": {
                      "dataset": "@parameters('BriefingSolutionUrl (new_shared_sharepointonline_8cf497ea0c604ed08f2761a77882f509)')",
                      "id": "@outputs('BriefingItem')?['body/{Identifier}']",
                      "inferContentType": true
                    },
                    "host": {
                      "apiId": "/providers/Microsoft.PowerApps/apis/shared_sharepointonline",
                      "operationId": "GetFileContent",
                      "connectionName": "shared_sharepointonline"
                    }
                  },
                  "metadata": {
                    "operationMetadataId": "83424ffb-3e9b-48d3-8214-5ed59c641e63"
                  }
                },
                "Create_file_5": {
                  "type": "OpenApiConnection",
                  "inputs": {
                    "parameters": {
                      "dataset": "@parameters('BriefingSolutionUrl (new_shared_sharepointonline_8cf497ea0c604ed08f2761a77882f509)')",
                      "folderPath": "/Briefing System/@{outputs('BriefingItem')?['body/TransactionID']}",
                      "name": "@outputs('Convert_Word_to_PDF_2')?['body/fileName']",
                      "body": "@outputs('Convert_Word_to_PDF_2')?['body/fileContent']"
                    },
                    "host": {
                      "apiId": "/providers/Microsoft.PowerApps/apis/shared_sharepointonline",
                      "operationId": "CreateFile",
                      "connectionName": "shared_sharepointonline"
                    }
                  },
                  "runAfter": {
                    "Convert_Word_to_PDF_2": [
                      "Succeeded"
                    ]
                  },
                  "runtimeConfiguration": {
                    "contentTransfer": {
                      "transferMode": "Chunked"
                    }
                  },
                  "metadata": {
                    "operationMetadataId": "abff3021-146a-4bd2-8ca4-4f8bb11907bc"
                  }
                },
                "Get_item_2": {
                  "type": "OpenApiConnection",
                  "inputs": {
                    "parameters": {
                      "dataset": "@parameters('BriefingSolutionUrl (new_shared_sharepointonline_8cf497ea0c604ed08f2761a77882f509)')",
                      "table": "@parameters('Briefing System (webandpl_shared_sharepointonline_6b277a49a8bb442f9cc39eee6b15c001)')",
                      "id": "@outputs('Create_file_5')?['body/ItemId']"
                    },
                    "host": {
                      "apiId": "/providers/Microsoft.PowerApps/apis/shared_sharepointonline",
                      "operationId": "GetItem",
                      "connectionName": "shared_sharepointonline"
                    }
                  },
                  "runAfter": {
                    "Create_file_5": [
                      "Succeeded"
                    ]
                  },
                  "metadata": {
                    "operationMetadataId": "8d519bed-71db-4731-9092-76b3f6d1ef85"
                  }
                },
                "Update_file_properties_2": {
                  "type": "OpenApiConnection",
                  "inputs": {
                    "parameters": {
                      "dataset": "@parameters('BriefingSolutionUrl (new_shared_sharepointonline_8cf497ea0c604ed08f2761a77882f509)')",
                      "table": "@parameters('Briefing System (webandpl_shared_sharepointonline_6b277a49a8bb442f9cc39eee6b15c001)')",
                      "id": "@triggerBody()?['number']",
                      "item/Assignee": "@null",
                      "item/Status/Value": "Voided",
                      "item/TriggerWorkflow": false,
                      "item/ArchivedPDFFile": "@outputs('Get_item_2')?['body/{Link}']"
                    },
                    "host": {
                      "apiId": "/providers/Microsoft.PowerApps/apis/shared_sharepointonline",
                      "operationId": "PatchFileItem",
                      "connectionName": "shared_sharepointonline"
                    }
                  },
                  "runAfter": {
                    "Get_item_2": [
                      "Succeeded"
                    ]
                  },
                  "metadata": {
                    "operationMetadataId": "72e89483-4be6-482f-9695-e8696855d1d6"
                  }
                },
                "Convert_Word_to_PDF_2": {
                  "type": "OpenApiConnection",
                  "inputs": {
                    "parameters": {
                      "inputFileName": "@outputs('BriefingItem')?['body/{FilenameWithExtension}']",
                      "InputFile0/body": "@body('Get_file_content_2')",
                      "x-region-value": "-ue1"
                    },
                    "host": {
                      "apiId": "/providers/Microsoft.PowerApps/apis/shared_adobepdftools",
                      "operationId": "CreatePDFFromWord",
                      "connectionName": "shared_adobepdftools"
                    }
                  },
                  "runAfter": {
                    "Get_file_content_2": [
                      "Succeeded"
                    ]
                  },
                  "metadata": {
                    "operationMetadataId": "7f935842-4811-414a-af32-afc8d8809b81"
                  }
                }
              },
              "case": "Voided"
            },
            "Declined": {
              "actions": {
                "Get_file_content_3": {
                  "type": "OpenApiConnection",
                  "inputs": {
                    "parameters": {
                      "dataset": "@parameters('BriefingSolutionUrl (new_shared_sharepointonline_8cf497ea0c604ed08f2761a77882f509)')",
                      "id": "@outputs('BriefingItem')?['body/{Identifier}']",
                      "inferContentType": true
                    },
                    "host": {
                      "apiId": "/providers/Microsoft.PowerApps/apis/shared_sharepointonline",
                      "operationId": "GetFileContent",
                      "connectionName": "shared_sharepointonline"
                    }
                  },
                  "metadata": {
                    "operationMetadataId": "5d382ce1-7f29-4970-9794-a5f3b32fab6f"
                  }
                },
                "Convert_Word_to_PDF_3": {
                  "type": "OpenApiConnection",
                  "inputs": {
                    "parameters": {
                      "inputFileName": "@outputs('BriefingItem')?['body/{FilenameWithExtension}']",
                      "InputFile0/body": "@body('Get_file_content_3')",
                      "x-region-value": "-ue1"
                    },
                    "host": {
                      "apiId": "/providers/Microsoft.PowerApps/apis/shared_adobepdftools",
                      "operationId": "CreatePDFFromWord",
                      "connectionName": "shared_adobepdftools"
                    }
                  },
                  "runAfter": {
                    "Get_file_content_3": [
                      "Succeeded"
                    ]
                  },
                  "metadata": {
                    "operationMetadataId": "56a39ef1-8e7d-46d1-a860-0644f8349f46"
                  }
                },
                "Create_file_2": {
                  "type": "OpenApiConnection",
                  "inputs": {
                    "parameters": {
                      "dataset": "@parameters('BriefingSolutionUrl (new_shared_sharepointonline_8cf497ea0c604ed08f2761a77882f509)')",
                      "folderPath": "/Briefing System/@{outputs('BriefingItem')?['body/TransactionID']}",
                      "name": "@outputs('Convert_Word_to_PDF_3')?['body/fileName']",
                      "body": "@outputs('Convert_Word_to_PDF_3')?['body/fileContent']"
                    },
                    "host": {
                      "apiId": "/providers/Microsoft.PowerApps/apis/shared_sharepointonline",
                      "operationId": "CreateFile",
                      "connectionName": "shared_sharepointonline"
                    }
                  },
                  "runAfter": {
                    "Convert_Word_to_PDF_3": [
                      "Succeeded"
                    ]
                  },
                  "runtimeConfiguration": {
                    "contentTransfer": {
                      "transferMode": "Chunked"
                    }
                  },
                  "metadata": {
                    "operationMetadataId": "29bb2a3c-7637-4db6-9de7-2fb6af0102ff"
                  }
                },
                "Get_item_4": {
                  "type": "OpenApiConnection",
                  "inputs": {
                    "parameters": {
                      "dataset": "@parameters('BriefingSolutionUrl (new_shared_sharepointonline_8cf497ea0c604ed08f2761a77882f509)')",
                      "table": "@parameters('Briefing System (webandpl_shared_sharepointonline_6b277a49a8bb442f9cc39eee6b15c001)')",
                      "id": "@outputs('Create_file_2')?['body/ItemId']"
                    },
                    "host": {
                      "apiId": "/providers/Microsoft.PowerApps/apis/shared_sharepointonline",
                      "operationId": "GetItem",
                      "connectionName": "shared_sharepointonline"
                    }
                  },
                  "runAfter": {
                    "Create_file_2": [
                      "Succeeded"
                    ]
                  },
                  "metadata": {
                    "operationMetadataId": "f034c46a-20a3-4cb1-b578-a9e0f7571388"
                  }
                },
                "Update_file_properties_6": {
                  "type": "OpenApiConnection",
                  "inputs": {
                    "parameters": {
                      "dataset": "@parameters('BriefingSolutionUrl (new_shared_sharepointonline_8cf497ea0c604ed08f2761a77882f509)')",
                      "table": "@parameters('Briefing System (webandpl_shared_sharepointonline_6b277a49a8bb442f9cc39eee6b15c001)')",
                      "id": "@triggerBody()['number']",
                      "item/Assignee": "@null",
                      "item/Status/Value": "Declined",
                      "item/TriggerWorkflow": false,
                      "item/ArchivedPDFFile": "@outputs('Get_item_4')?['body/{Link}']"
                    },
                    "host": {
                      "apiId": "/providers/Microsoft.PowerApps/apis/shared_sharepointonline",
                      "operationId": "PatchFileItem",
                      "connectionName": "shared_sharepointonline"
                    }
                  },
                  "runAfter": {
                    "Get_item_4": [
                      "Succeeded"
                    ]
                  },
                  "metadata": {
                    "operationMetadataId": "58a51fab-f913-42f3-a98f-a7f7304add9e"
                  }
                }
              },
              "case": "Declined"
            }
          },
          "runAfter": {
            "EmailTemplates": [
              "Succeeded"
            ]
          },
          "metadata": {
            "operationMetadataId": "cbc1752b-8725-4613-888b-b40c46028947"
          }
        },
        "TO_EMAILS": {
          "type": "InitializeVariable",
          "inputs": {
            "variables": [
              {
                "name": "TOEmails",
                "type": "string"
              }
            ]
          },
          "runAfter": {
            "BriefingItem": [
              "Succeeded"
            ]
          },
          "metadata": {
            "operationMetadataId": "1b4d655d-a934-4b22-858e-57112f7c72ff"
          }
        },
        "CC_EMAILS": {
          "type": "InitializeVariable",
          "inputs": {
            "variables": [
              {
                "name": "CCEmails",
                "type": "string"
              }
            ]
          },
          "runAfter": {
            "TO_EMAILS": [
              "Succeeded"
            ]
          },
          "metadata": {
            "operationMetadataId": "2ba01bc9-932b-48da-b23f-2b47760b7dad"
          }
        },
        "ColloborativeDrafters": {
          "type": "InitializeVariable",
          "inputs": {
            "variables": [
              {
                "name": "ColloborativeDrafters",
                "type": "array"
              }
            ]
          },
          "runAfter": {
            "CC_EMAILS": [
              "Succeeded"
            ]
          },
          "metadata": {
            "operationMetadataId": "54bb0ef8-73c2-4132-ade9-1c95b513f123"
          }
        },
        "varAssignee": {
          "type": "InitializeVariable",
          "inputs": {
            "variables": [
              {
                "name": "varAssignee",
                "type": "array"
              }
            ]
          },
          "runAfter": {
            "ColloborativeDrafters": [
              "Succeeded"
            ]
          },
          "metadata": {
            "operationMetadataId": "e4c5910a-fef2-4bc4-a0e1-9c69f923ae3d"
          }
        },
        "Apply_to_each_2": {
          "type": "Foreach",
          "foreach": "@outputs('BriefingItem')?['body/Assignee']",
          "actions": {
            "Append_to_array_variable_1": {
              "type": "AppendToArrayVariable",
              "inputs": {
                "name": "varAssignee",
                "value": "@items('Apply_to_each_2')?['Claims']"
              },
              "metadata": {
                "operationMetadataId": "735b5e3a-7ae5-4ced-a34e-feb7f9b4d4f3"
              }
            }
          },
          "runAfter": {
            "DocumentLink": [
              "Succeeded"
            ]
          },
          "metadata": {
            "operationMetadataId": "8a7a31d2-9e66-4747-8b4d-71ba175c9cfc"
          }
        },
        "DocumentLink": {
          "type": "InitializeVariable",
          "inputs": {
            "variables": [
              {
                "name": "DocumentLink",
                "type": "string",
                "value": "<a href=\"@{outputs('BriefingItem')?['body/{Link}']}\">Click here</a>"
              }
            ]
          },
          "runAfter": {
            "varAssignee": [
              "Succeeded"
            ]
          },
          "metadata": {
            "operationMetadataId": "29e158eb-018e-451e-be35-93db56653d57"
          }
        },
        "Initialize_variable_Assignee": {
          "type": "InitializeVariable",
          "inputs": {
            "variables": [
              {
                "name": "Assignees",
                "type": "array"
              }
            ]
          },
          "runAfter": {
            "For_each": [
              "Succeeded"
            ]
          },
          "metadata": {
            "operationMetadataId": "d6daedb9-ad23-4b77-9c9a-90f772aec854"
          }
        },
        "GenerateGUID": {
          "type": "InitializeVariable",
          "inputs": {
            "variables": [
              {
                "name": "WorkflowInstance",
                "type": "string",
                "value": "@guid()"
              }
            ]
          },
          "runAfter": {
            "Initialize_variable_fileContentArray": [
              "Succeeded"
            ]
          },
          "metadata": {
            "operationMetadataId": "837d24cf-57ce-43e6-a259-158d57076f4a"
          }
        },
        "BriefingItem": {
          "type": "OpenApiConnection",
          "inputs": {
            "parameters": {
              "dataset": "@parameters('BriefingSolutionUrl (new_shared_sharepointonline_8cf497ea0c604ed08f2761a77882f509)')",
              "table": "@parameters('Briefing System (webandpl_shared_sharepointonline_6b277a49a8bb442f9cc39eee6b15c001)')",
              "id": "@triggerBody()?['number']"
            },
            "host": {
              "apiId": "/providers/Microsoft.PowerApps/apis/shared_sharepointonline",
              "operationId": "GetFileItem",
              "connectionName": "shared_sharepointonline"
            }
          },
          "runAfter": {},
          "metadata": {
            "operationMetadataId": "6776e71b-ec7a-48bd-80a4-15b3d2ed34b5"
          }
        },
        "For_each": {
          "type": "Foreach",
          "foreach": "@outputs('BriefingItem')?['body/Drafters']",
          "actions": {
            "Append_to_array_variable_3": {
              "type": "AppendToArrayVariable",
              "inputs": {
                "name": "ColloborativeDrafters",
                "value": "@items('For_each')?['Claims']"
              },
              "metadata": {
                "operationMetadataId": "cab5cd5a-72a1-4710-b030-b39fff387828"
              }
            }
          },
          "runAfter": {
            "Apply_to_each_2": [
              "Succeeded"
            ]
          },
          "metadata": {
            "operationMetadataId": "9d98b00f-4156-49f9-8244-2d95a8961fc1"
          }
        },
        "Initialize_variable_fileContentArray": {
          "type": "InitializeVariable",
          "inputs": {
            "variables": [
              {
                "name": "fileContentArray",
                "type": "array"
              }
            ]
          },
          "runAfter": {
            "Initialize_variable_Assignee": [
              "Succeeded"
            ]
          },
          "metadata": {
            "operationMetadataId": "525ff43c-5cae-4881-a46a-9cf94e5a36ca"
          }
        },
        "EmailTemplates": {
          "type": "OpenApiConnection",
          "inputs": {
            "parameters": {
              "dataset": "@parameters('BriefingSolutionUrl (new_shared_sharepointonline_8cf497ea0c604ed08f2761a77882f509)')",
              "table": "@parameters('EmailTemplates (webandpl_shared_sharepointonline_a624f56806bd44839f1bc1bbf79f57c8)')",
              "$top": 20
            },
            "host": {
              "apiId": "/providers/Microsoft.PowerApps/apis/shared_sharepointonline",
              "operationId": "GetItems",
              "connectionName": "shared_sharepointonline"
            }
          },
          "runAfter": {
            "Initialize_variable": [
              "Succeeded"
            ]
          },
          "metadata": {
            "operationMetadataId": "4c947586-c3b0-4040-a8ca-49179a9956d1"
          }
        },
        "ClickHere": {
          "type": "Compose",
          "inputs": "<a href='@{parameters('AppUrl (webandpl_AppUrl)')}&briefingid=@{outputs('BriefingItem')?['body/ID']}'>Click here </a>",
          "runAfter": {
            "GenerateGUID": [
              "Succeeded"
            ]
          },
          "metadata": {
            "operationMetadataId": "1a35ff17-d11d-44d7-ab84-b09ad96287fb"
          }
        },
        "TOEMail": {
          "type": "InitializeVariable",
          "inputs": {
            "variables": [
              {
                "name": "TOEMail",
                "type": "array"
              }
            ]
          },
          "runAfter": {
            "ClickHere": [
              "Succeeded"
            ]
          },
          "metadata": {
            "operationMetadataId": "08b03bcd-c0f9-429b-8877-33a93672d8a8"
          }
        },
        "Initialize_variable": {
          "type": "InitializeVariable",
          "inputs": {
            "variables": [
              {
                "name": "CCEmailUSers",
                "type": "array"
              }
            ]
          },
          "runAfter": {
            "TOEMail": [
              "Succeeded"
            ]
          },
          "metadata": {
            "operationMetadataId": "3f459d2e-5db9-4763-93e3-dc7041e62135"
          }
        }
      }
    },
    "templateName": null
  },
  "schemaVersion": "1.0.0.0"
}