{
  "properties": {
    "connectionReferences": {
      "shared_sharepointonline": {
        "api": {
          "name": "shared_sharepointonline"
        },
        "connection": {
          "connectionReferenceLogicalName": "webandpl_sharedsharepointonline_68dfe"
        },
        "runtimeSource": "embedded"
      },
      "shared_office365": {
        "api": {
          "name": "shared_office365"
        },
        "connection": {
          "connectionReferenceLogicalName": "webandpl_sharedoffice365_44a44"
        },
        "runtimeSource": "embedded"
      }
    },
    "definition": {
      "$schema": "https://schema.management.azure.com/providers/Microsoft.Logic/schemas/2016-06-01/workflowdefinition.json#",
      "contentVersion": "1.0.0.0",
      "parameters": {
        "$authentication": {
          "defaultValue": {},
          "type": "SecureObject"
        },
        "$connections": {
          "defaultValue": {},
          "type": "Object"
        },
        "BriefingSolutionUrl (new_shared_sharepointonline_8cf497ea0c604ed08f2761a77882f509)": {
          "defaultValue": "https://parliamentofvictoria.sharepoint.com/sites/Test-BriefingSolution",
          "type": "String",
          "metadata": {
            "schemaName": "new_shared_sharepointonline_8cf497ea0c604ed08f2761a77882f509"
          }
        },
        "AppUrl (webandpl_AppUrl)": {
          "defaultValue": "https://apps.powerapps.com/play/e/c29d3fef-55bd-43c9-a339-4dccd07dff3b/a/2cd5ca1b-29fb-4157-b332-954f0cacb5df?tenantId=821af0ec-3140-4137-af0e-6690286fb673&hint=56ea9158-8955-4c72-a1e7-b2ff9a335f61&sourcetime=1749572004621",
          "type": "String",
          "metadata": {
            "schemaName": "webandpl_AppUrl"
          }
        },
        "BriefingWorkflowHistory (webandpl_shared_sharepointonline_ab7775da61274a27b442373b796f97bf)": {
          "defaultValue": "af29bfce-d23b-46dc-b19d-f624029e8ff5",
          "type": "String",
          "metadata": {
            "schemaName": "webandpl_shared_sharepointonline_ab7775da61274a27b442373b796f97bf"
          }
        },
        "Briefing System (webandpl_shared_sharepointonline_6b277a49a8bb442f9cc39eee6b15c001)": {
          "defaultValue": "363567dc-ec1b-4461-ab7d-2a2125691459",
          "type": "String",
          "metadata": {
            "schemaName": "webandpl_shared_sharepointonline_6b277a49a8bb442f9cc39eee6b15c001"
          }
        },
        "EmailTemplates (webandpl_shared_sharepointonline_a624f56806bd44839f1bc1bbf79f57c8)": {
          "defaultValue": "7cc7596f-c0da-43ac-be92-e4ebc801ff96",
          "type": "String",
          "metadata": {
            "schemaName": "webandpl_shared_sharepointonline_a624f56806bd44839f1bc1bbf79f57c8"
          }
        }
      },
      "triggers": {
        "manual": {
          "type": "Request",
          "kind": "PowerAppV2",
          "inputs": {
            "schema": {
              "type": "object",
              "properties": {
                "text": {
                  "title": "TemplateName",
                  "type": "string",
                  "x-ms-dynamically-added": true,
                  "description": "Please enter your input",
                  "x-ms-content-hint": "TEXT"
                },
                "text_2": {
                  "title": "FileName",
                  "type": "string",
                  "x-ms-dynamically-added": true,
                  "description": "Please enter your input",
                  "x-ms-content-hint": "TEXT"
                },
                "text_3": {
                  "title": "BriefingCode",
                  "type": "string",
                  "x-ms-dynamically-added": true,
                  "description": "Please enter your input",
                  "x-ms-content-hint": "TEXT"
                },
                "text_4": {
                  "title": "Assignee",
                  "type": "string",
                  "x-ms-dynamically-added": true,
                  "description": "Please enter your input",
                  "x-ms-content-hint": "TEXT"
                },
                "text_1": {
                  "title": "LeadDrafter",
                  "type": "string",
                  "x-ms-dynamically-added": true,
                  "description": "Please enter your input",
                  "x-ms-content-hint": "TEXT"
                },
                "text_5": {
                  "title": "CollabDrafters",
                  "type": "string",
                  "x-ms-dynamically-added": true,
                  "description": "Please enter your input",
                  "x-ms-content-hint": "TEXT"
                },
                "text_6": {
                  "title": "DecisionMakers",
                  "type": "string",
                  "x-ms-dynamically-added": true,
                  "description": "Please enter your input",
                  "x-ms-content-hint": "TEXT"
                },
                "text_7": {
                  "title": "Endorsers",
                  "type": "string",
                  "x-ms-dynamically-added": true,
                  "description": "Please enter your input",
                  "x-ms-content-hint": "TEXT"
                },
                "text_8": {
                  "title": "TemplateUrl",
                  "type": "string",
                  "x-ms-dynamically-added": true,
                  "description": "Please enter your input",
                  "x-ms-content-hint": "TEXT"
                },
                "text_9": {
                  "description": "Please enter your input",
                  "title": "CreatorName",
                  "type": "string",
                  "x-ms-content-hint": "TEXT",
                  "x-ms-dynamically-added": true
                },
                "text_10": {
                  "description": "Please enter your input",
                  "title": "CreatorEmail",
                  "type": "string",
                  "x-ms-content-hint": "TEXT",
                  "x-ms-dynamically-added": true
                },
                "text_11": {
                  "description": "Please enter your input",
                  "title": "CreatorPosition",
                  "type": "string",
                  "x-ms-content-hint": "TEXT",
                  "x-ms-dynamically-added": true
                },
                "text_12": {
                  "title": "Comments",
                  "type": "string",
                  "x-ms-dynamically-added": true,
                  "description": "Please enter your input",
                  "x-ms-content-hint": "TEXT"
                }
              },
              "required": [
                "text",
                "text_2",
                "text_3",
                "text_4",
                "text_1",
                "text_5",
                "text_6",
                "text_7",
                "text_8",
                "text_9",
                "text_10",
                "text_11",
                "text_12"
              ]
            }
          },
          "metadata": {
            "operationMetadataId": "39938e9d-7c4b-4df1-bc19-8f96ca7f7c84"
          }
        }
      },
      "actions": {
        "Respond_to_a_Power_App_or_flow": {
          "type": "Response",
          "kind": "PowerApp",
          "inputs": {
            "schema": {
              "type": "object",
              "properties": {
                "itemid": {
                  "title": "itemID",
                  "x-ms-dynamically-added": true,
                  "type": "string"
                }
              },
              "additionalProperties": {}
            },
            "statusCode": 200,
            "body": {
              "itemid": "@{outputs('Update_file_properties')?['body/ID']}"
            }
          },
          "runAfter": {
            "Send_an_email_(V2)": [
              "Succeeded"
            ]
          },
          "metadata": {
            "operationMetadataId": "2d815fc0-d252-4523-bc37-4783742f4336"
          }
        },
        "Create_file": {
          "type": "OpenApiConnection",
          "inputs": {
            "parameters": {
              "dataset": "@parameters('BriefingSolutionUrl (new_shared_sharepointonline_8cf497ea0c604ed08f2761a77882f509)')",
              "folderPath": "/Briefing System",
              "name": "@{triggerBody()['text_2']}.docx",
              "body": "@body('Get_file_content_using_path')"
            },
            "host": {
              "apiId": "/providers/Microsoft.PowerApps/apis/shared_sharepointonline",
              "operationId": "CreateFile",
              "connectionName": "shared_sharepointonline"
            }
          },
          "runAfter": {
            "Get_file_content_using_path": [
              "Succeeded"
            ]
          },
          "runtimeConfiguration": {
            "contentTransfer": {
              "transferMode": "Chunked"
            }
          },
          "metadata": {
            "operationMetadataId": "77beea6e-9654-4b3d-89a6-c22327f4dff1"
          }
        },
        "Compose": {
          "type": "Compose",
          "inputs": "@concat(triggerBody()['text_3'],formatDateTime(utcNow(),'yyyy'),'-',outputs('Format_number')?['body'])",
          "runAfter": {
            "Format_number": [
              "Succeeded"
            ]
          },
          "metadata": {
            "operationMetadataId": "48449a1e-74ed-4bf8-85b4-c2b831081c32"
          }
        },
        "Format_number": {
          "type": "Expression",
          "kind": "FormatNumber",
          "inputs": {
            "number": "@outputs('Create_file')?['body/ItemId']",
            "format": "0000"
          },
          "runAfter": {
            "Get_file_properties": [
              "Succeeded"
            ]
          },
          "metadata": {
            "operationMetadataId": "d51812e5-15a1-4c90-b2ed-cbe9e1d27fce"
          }
        },
        "Get_file_content_using_path": {
          "type": "OpenApiConnection",
          "inputs": {
            "parameters": {
              "dataset": "@parameters('BriefingSolutionUrl (new_shared_sharepointonline_8cf497ea0c604ed08f2761a77882f509)')",
              "path": "@triggerBody()['text_8']",
              "inferContentType": true
            },
            "host": {
              "apiId": "/providers/Microsoft.PowerApps/apis/shared_sharepointonline",
              "operationId": "GetFileContentByPath",
              "connectionName": "shared_sharepointonline"
            }
          },
          "runAfter": {
            "GatherEmails": [
              "Succeeded"
            ]
          },
          "metadata": {
            "operationMetadataId": "b63335b0-e86a-4b4a-9d91-01b02fa965b7"
          }
        },
        "Create_item": {
          "type": "OpenApiConnection",
          "inputs": {
            "parameters": {
              "dataset": "@parameters('BriefingSolutionUrl (new_shared_sharepointonline_8cf497ea0c604ed08f2761a77882f509)')",
              "table": "@parameters('BriefingWorkflowHistory (webandpl_shared_sharepointonline_ab7775da61274a27b442373b796f97bf)')",
              "item/ActionTaken": "Document Created",
              "item/ActionTakenOn": "@utcNow()",
              "item/Approver/Claims": "@outputs('Update_file_properties')?['body/Author/Email']",
              "item/ParentID/Id": "@outputs('Update_file_properties')?['body/ID']",
              "item/Stage": "Creation"
            },
            "host": {
              "apiId": "/providers/Microsoft.PowerApps/apis/shared_sharepointonline",
              "operationId": "PostItem",
              "connectionName": "shared_sharepointonline"
            }
          },
          "runAfter": {
            "Permissions": [
              "Succeeded"
            ]
          },
          "metadata": {
            "operationMetadataId": "aa21620e-e5c9-476d-802b-a5d34b18a87d"
          }
        },
        "Create_item_2": {
          "type": "OpenApiConnection",
          "inputs": {
            "parameters": {
              "dataset": "@parameters('BriefingSolutionUrl (new_shared_sharepointonline_8cf497ea0c604ed08f2761a77882f509)')",
              "table": "@parameters('BriefingWorkflowHistory (webandpl_shared_sharepointonline_ab7775da61274a27b442373b796f97bf)')",
              "item/Approver/Claims": "@triggerBody()['text_4']",
              "item/ParentID/Id": "@outputs('Update_file_properties')?['body/ID']",
              "item/Stage": "Drafting"
            },
            "host": {
              "apiId": "/providers/Microsoft.PowerApps/apis/shared_sharepointonline",
              "operationId": "PostItem",
              "connectionName": "shared_sharepointonline"
            }
          },
          "runAfter": {
            "Create_item": [
              "Succeeded"
            ]
          },
          "metadata": {
            "operationMetadataId": "1accebb8-e5b4-40b7-bf36-e0cd21069cb1"
          }
        },
        "Create_new_TransactionFolder": {
          "type": "OpenApiConnection",
          "inputs": {
            "parameters": {
              "dataset": "@parameters('BriefingSolutionUrl (new_shared_sharepointonline_8cf497ea0c604ed08f2761a77882f509)')",
              "table": "@parameters('Briefing System (webandpl_shared_sharepointonline_6b277a49a8bb442f9cc39eee6b15c001)')",
              "parameters/path": "@outputs('Compose')"
            },
            "host": {
              "apiId": "/providers/Microsoft.PowerApps/apis/shared_sharepointonline",
              "operationId": "CreateNewFolder",
              "connectionName": "shared_sharepointonline"
            }
          },
          "runAfter": {
            "Compose": [
              "Succeeded"
            ]
          },
          "metadata": {
            "operationMetadataId": "d185dce4-aba1-4b5d-9110-c325df9c2295"
          }
        },
        "Move_file_to_Transaction_Folder": {
          "type": "OpenApiConnection",
          "inputs": {
            "parameters": {
              "dataset": "@parameters('BriefingSolutionUrl (new_shared_sharepointonline_8cf497ea0c604ed08f2761a77882f509)')",
              "parameters/sourceFileId": "@outputs('Get_file_properties')?['body/{Identifier}']",
              "parameters/destinationDataset": "@parameters('BriefingSolutionUrl (new_shared_sharepointonline_8cf497ea0c604ed08f2761a77882f509)')",
              "parameters/destinationFolderPath": "/Briefing System/@{outputs('Create_new_TransactionFolder')?['body/{Name}']}",
              "parameters/nameConflictBehavior": 1
            },
            "host": {
              "apiId": "/providers/Microsoft.PowerApps/apis/shared_sharepointonline",
              "operationId": "MoveFileAsync",
              "connectionName": "shared_sharepointonline"
            }
          },
          "runAfter": {
            "Create_new_TransactionFolder": [
              "Succeeded"
            ]
          },
          "metadata": {
            "operationMetadataId": "009c4465-3e9b-4709-9cff-830e23d31b4f"
          }
        },
        "Get_file_properties": {
          "type": "OpenApiConnection",
          "inputs": {
            "parameters": {
              "dataset": "@parameters('BriefingSolutionUrl (new_shared_sharepointonline_8cf497ea0c604ed08f2761a77882f509)')",
              "table": "@parameters('Briefing System (webandpl_shared_sharepointonline_6b277a49a8bb442f9cc39eee6b15c001)')",
              "id": "@outputs('Create_file')?['body/ItemId']"
            },
            "host": {
              "apiId": "/providers/Microsoft.PowerApps/apis/shared_sharepointonline",
              "operationId": "GetFileItem",
              "connectionName": "shared_sharepointonline"
            }
          },
          "runAfter": {
            "Create_file": [
              "Succeeded"
            ]
          },
          "metadata": {
            "operationMetadataId": "caa63d96-3257-4a4e-bda2-d0516deecb70"
          }
        },
        "Update_file_properties": {
          "type": "OpenApiConnection",
          "inputs": {
            "parameters": {
              "dataset": "@parameters('BriefingSolutionUrl (new_shared_sharepointonline_8cf497ea0c604ed08f2761a77882f509)')",
              "table": "@parameters('Briefing System (webandpl_shared_sharepointonline_6b277a49a8bb442f9cc39eee6b15c001)')",
              "id": "@outputs('Create_file')?['body/ItemId']",
              "item/Title": "@triggerBody()['text_2']",
              "item/Assignee": [
                {
                  "Claims": "@triggerBody()['text_4']"
                }
              ],
              "item/AssignedOn": "@utcNow()",
              "item/DecisionMaker1Email": "@variables('jsonDecisionMakers')?[0]?['Email']",
              "item/DecisionMaker1Name": "@variables('jsonDecisionMakers')?[0]?['DisplayName']",
              "item/DecisionMaker1Position": "@variables('jsonDecisionMakers')?[0]?['JobTitle']",
              "item/DecisionMaker2Email": "@variables('jsonDecisionMakers')?[1]?['Email']",
              "item/DecisionMaker2Name": "@variables('jsonDecisionMakers')?[1]?['DisplayName']",
              "item/DecisionMaker2Position": "@variables('jsonDecisionMakers')?[1]?['JobTitle']",
              "item/DecisionMaker3Name": "@variables('jsonDecisionMakers')?[2]?['DisplayName']",
              "item/DecisionMaker3Position": "@variables('jsonDecisionMakers')?[2]?['JobTitle']",
              "item/DecisionMaker3Email": "@variables('jsonDecisionMakers')?[2]?['Email']",
              "item/DocCreatorEmail": "@triggerBody()?['text_10']",
              "item/DocCreatorPosition": "@triggerBody()?['text_11']",
              "item/DocCreatorName": "@triggerBody()?['text_9']",
              "item/Endorser1Email": "@variables('jsonEndorsers')?[0]?['Email']",
              "item/Endorser1Name": "@variables('jsonEndorsers')?[0]?['DisplayName']",
              "item/Endorser1Position": "@variables('jsonEndorsers')?[0]?['JobTitle']",
              "item/Endorser2Email": "@variables('jsonEndorsers')?[1]?['Email']",
              "item/Endorser2Name": "@variables('jsonEndorsers')?[1]?['DisplayName']",
              "item/Endorser2Position": "@variables('jsonEndorsers')?[1]?['JobTitle']",
              "item/Endorser3Email": "@variables('jsonEndorsers')?[2]?['Email']",
              "item/Endorser3Name": "@variables('jsonEndorsers')?[2]?['DisplayName']",
              "item/Endorser3Position": "@variables('jsonEndorsers')?[2]?['JobTitle']",
              "item/FeedbackComments": "",
              "item/LeadDrafterEmail": "@variables('jsonLeadDrafter')?[0]?['Email']",
              "item/LeadDrafterName": "@variables('jsonLeadDrafter')?[0]?['DisplayName']",
              "item/LeadDrafterPosition": "@variables('jsonLeadDrafter')?[0]?['JobTitle']",
              "item/TempStatus/Value": "SentToDraft",
              "item/TransactionID": "@outputs('Compose')",
              "item/TriggerWorkflow": true,
              "item/TemplateTitle": "@triggerBody()['text']",
              "item/RequestCreatedBy": "@triggerBody()?['text_9']",
              "item/RequestCreatedByEmail": "@triggerBody()?['text_10']",
              "item/{ContentType}/Id": "0x0101003C47ED222EA0F94D91EEBCC38A1878ED"
            },
            "host": {
              "apiId": "/providers/Microsoft.PowerApps/apis/shared_sharepointonline",
              "operationId": "PatchFileItem",
              "connectionName": "shared_sharepointonline"
            }
          },
          "runAfter": {
            "Move_file_to_Transaction_Folder": [
              "Succeeded"
            ]
          },
          "metadata": {
            "operationMetadataId": "0935d5c3-58f1-416d-84fc-5d7b3643ac9a"
          }
        },
        "jsonEndorsers": {
          "type": "InitializeVariable",
          "inputs": {
            "variables": [
              {
                "name": "jsonEndorsers",
                "type": "array",
                "value": "@json(triggerBody()['text_7'])"
              }
            ]
          },
          "runAfter": {},
          "metadata": {
            "operationMetadataId": "0ed8fc22-78e4-4023-adc4-056b7bbb7d2c"
          }
        },
        "jsonDecisionMakers": {
          "type": "InitializeVariable",
          "inputs": {
            "variables": [
              {
                "name": "jsonDecisionMakers",
                "type": "array",
                "value": "@json(triggerBody()['text_6'])"
              }
            ]
          },
          "runAfter": {
            "jsonEndorsers": [
              "Succeeded"
            ]
          },
          "metadata": {
            "operationMetadataId": "b16da838-f99d-4140-84a0-cc34f34c6af9"
          }
        },
        "jsonCollabDrafters": {
          "type": "InitializeVariable",
          "inputs": {
            "variables": [
              {
                "name": "jsonCollabDrafters",
                "type": "array",
                "value": "@json(triggerBody()['text_5'])"
              }
            ]
          },
          "runAfter": {
            "jsonDecisionMakers": [
              "Succeeded"
            ]
          },
          "metadata": {
            "operationMetadataId": "6c093e73-b7fc-4e29-9c61-ad5181a5c96d"
          }
        },
        "jsonLeadDrafter": {
          "type": "InitializeVariable",
          "inputs": {
            "variables": [
              {
                "name": "jsonLeadDrafter",
                "type": "array",
                "value": "@json(triggerBody()['text_1'])"
              }
            ]
          },
          "runAfter": {
            "jsonCollabDrafters": [
              "Succeeded"
            ]
          },
          "metadata": {
            "operationMetadataId": "e04354aa-00d1-4385-8406-b55852f3d345"
          }
        },
        "Permissions": {
          "type": "Scope",
          "actions": {
            "Breakrole_Permissions_and_Clear": {
              "type": "OpenApiConnection",
              "inputs": {
                "parameters": {
                  "dataset": "@parameters('BriefingSolutionUrl (new_shared_sharepointonline_8cf497ea0c604ed08f2761a77882f509)')",
                  "parameters/method": "POST",
                  "parameters/uri": "_api/web/lists/getByTitle('Briefing System')/items(@{outputs('Create_new_TransactionFolder')?['body/ID']})/breakroleinheritance(copyRoleAssignments=false, clearSubscopes=true)",
                  "parameters/headers": {
                    "Accept": "application/json;odata=verbose",
                    "content-Type": "application/json;odata=verbose"
                  }
                },
                "host": {
                  "apiId": "/providers/Microsoft.PowerApps/apis/shared_sharepointonline",
                  "operationId": "HttpRequest",
                  "connectionName": "shared_sharepointonline"
                }
              },
              "metadata": {
                "operationMetadataId": "f6bb2947-4548-468d-b6dd-59ddb51cccaa"
              }
            },
            "Folder_Contribute_For_Decision_Makers_Endorsers_Drafter_2": {
              "type": "OpenApiConnection",
              "inputs": {
                "parameters": {
                  "dataset": "@parameters('BriefingSolutionUrl (new_shared_sharepointonline_8cf497ea0c604ed08f2761a77882f509)')",
                  "table": "@parameters('Briefing System (webandpl_shared_sharepointonline_6b277a49a8bb442f9cc39eee6b15c001)')",
                  "id": "@outputs('Create_new_TransactionFolder')?['body/ID']",
                  "parameter/recipients": "@{join(variables('DecisionMakersEmail'),';')};@{join(variables('EndorsersEmail'),';')};@{join(variables('DraftersEmail'),';')};@{outputs('Get_file_properties')?['body/Author/Email']};@{triggerBody()['text_10']}",
                  "parameter/roleValue": "role:1073741827",
                  "parameter/sendEmail": false
                },
                "host": {
                  "apiId": "/providers/Microsoft.PowerApps/apis/shared_sharepointonline",
                  "operationId": "GrantAccess",
                  "connectionName": "shared_sharepointonline"
                }
              },
              "runAfter": {
                "Breakrole_Permissions_and_Clear": [
                  "Succeeded"
                ]
              },
              "metadata": {
                "operationMetadataId": "be253799-74d1-46ff-8c07-dd8b321d9a42"
              }
            }
          },
          "runAfter": {
            "Update_file_properties": [
              "Succeeded"
            ]
          },
          "metadata": {
            "operationMetadataId": "c0163080-8585-40a6-af16-bb8e8a1e7b57"
          }
        },
        "DraftersEmails": {
          "type": "InitializeVariable",
          "inputs": {
            "variables": [
              {
                "name": "DraftersEmail",
                "type": "array"
              }
            ]
          },
          "runAfter": {
            "jsonLeadDrafter": [
              "Succeeded"
            ]
          },
          "metadata": {
            "operationMetadataId": "6279791a-995b-498c-a97d-1ca6b035f237"
          }
        },
        "EndorsersEmails": {
          "type": "InitializeVariable",
          "inputs": {
            "variables": [
              {
                "name": "EndorsersEmail",
                "type": "array"
              }
            ]
          },
          "runAfter": {
            "DraftersEmails": [
              "Succeeded"
            ]
          },
          "metadata": {
            "operationMetadataId": "3e09402a-ef40-4e15-9ad5-1c44da6566b7"
          }
        },
        "DecisionMakersEmail": {
          "type": "InitializeVariable",
          "inputs": {
            "variables": [
              {
                "name": "DecisionMakersEmail",
                "type": "array"
              }
            ]
          },
          "runAfter": {
            "EndorsersEmails": [
              "Succeeded"
            ]
          },
          "metadata": {
            "operationMetadataId": "c4b98de7-11f8-4925-9108-1620d19d44ae"
          }
        },
        "GatherEmails": {
          "type": "Scope",
          "actions": {
            "Endorsers": {
              "type": "Scope",
              "actions": {
                "Parse_JSON_Endorsers": {
                  "type": "ParseJson",
                  "inputs": {
                    "content": "@variables('jsonEndorsers')",
                    "schema": {
                      "type": "array",
                      "items": {
                        "type": "object",
                        "properties": {
                          "Claims": {
                            "type": [
                              "string",
                              "null"
                            ]
                          },
                          "Department": {
                            "type": [
                              "string",
                              "null"
                            ]
                          },
                          "DisplayName": {
                            "type": [
                              "string",
                              "null"
                            ]
                          },
                          "Email": {
                            "type": [
                              "string",
                              "null"
                            ]
                          },
                          "JobTitle": {
                            "type": [
                              "string",
                              "null"
                            ]
                          }
                        },
                        "required": [
                          "Claims",
                          "Department",
                          "DisplayName",
                          "Email",
                          "JobTitle"
                        ]
                      }
                    }
                  },
                  "metadata": {
                    "operationMetadataId": "20c01ea9-da68-4a5f-8107-160db3a42850"
                  }
                },
                "Apply_to_each": {
                  "type": "Foreach",
                  "foreach": "@body('Parse_JSON_Endorsers')",
                  "actions": {
                    "Append_to_array_variable": {
                      "type": "AppendToArrayVariable",
                      "inputs": {
                        "name": "EndorsersEmail",
                        "value": "@items('Apply_to_each')['Email']"
                      },
                      "metadata": {
                        "operationMetadataId": "55c066b3-db8d-4fa8-9f6b-209b03eee887"
                      }
                    }
                  },
                  "runAfter": {
                    "Parse_JSON_Endorsers": [
                      "Succeeded"
                    ]
                  },
                  "metadata": {
                    "operationMetadataId": "e3efc1bf-5fc0-4009-9d77-8f65f188e170"
                  }
                }
              },
              "metadata": {
                "operationMetadataId": "97c3bffd-a5ca-48e4-a4eb-0518871bb3e2"
              }
            },
            "DecisionMakers": {
              "type": "Scope",
              "actions": {
                "Parse_JSON_Decision_Makers": {
                  "type": "ParseJson",
                  "inputs": {
                    "content": "@variables('jsonDecisionMakers')",
                    "schema": {
                      "type": "array",
                      "items": {
                        "type": "object",
                        "properties": {
                          "Claims": {
                            "type": [
                              "string",
                              "null"
                            ]
                          },
                          "Department": {
                            "type": [
                              "string",
                              "null"
                            ]
                          },
                          "DisplayName": {
                            "type": [
                              "string",
                              "null"
                            ]
                          },
                          "Email": {
                            "type": [
                              "string",
                              "null"
                            ]
                          },
                          "JobTitle": {
                            "type": [
                              "string",
                              "null"
                            ]
                          }
                        },
                        "required": [
                          "Claims",
                          "Department",
                          "DisplayName",
                          "Email",
                          "JobTitle"
                        ]
                      }
                    }
                  },
                  "metadata": {
                    "operationMetadataId": "13b30b67-a260-4a21-b058-a8c0a5a47153"
                  }
                },
                "Apply_to_each_2": {
                  "type": "Foreach",
                  "foreach": "@body('Parse_JSON_Decision_Makers')",
                  "actions": {
                    "Append_to_array_variable_1": {
                      "type": "AppendToArrayVariable",
                      "inputs": {
                        "name": "DecisionMakersEmail",
                        "value": "@items('Apply_to_each_2')['Email']"
                      },
                      "metadata": {
                        "operationMetadataId": "f1551670-1897-4426-81fe-fca758a28f62"
                      }
                    }
                  },
                  "runAfter": {
                    "Parse_JSON_Decision_Makers": [
                      "Succeeded"
                    ]
                  },
                  "metadata": {
                    "operationMetadataId": "d9e01d0d-2d87-49f2-a207-bad2edfab852"
                  }
                }
              },
              "runAfter": {
                "Endorsers": [
                  "Succeeded"
                ]
              },
              "metadata": {
                "operationMetadataId": "136ca551-a4c8-4522-b3ea-d0679ccf616a"
              }
            },
            "Drafters": {
              "type": "Scope",
              "actions": {
                "Parse_JSON_Drafters": {
                  "type": "ParseJson",
                  "inputs": {
                    "content": "@variables('jsonCollabDrafters')",
                    "schema": {
                      "type": "array",
                      "items": {
                        "type": "object",
                        "properties": {
                          "Claims": {
                            "type": [
                              "string",
                              "null"
                            ]
                          },
                          "Department": {
                            "type": [
                              "string",
                              "null"
                            ]
                          },
                          "DisplayName": {
                            "type": [
                              "string",
                              "null"
                            ]
                          },
                          "Email": {
                            "type": [
                              "string",
                              "null"
                            ]
                          },
                          "JobTitle": {
                            "type": [
                              "string",
                              "null"
                            ]
                          }
                        },
                        "required": [
                          "Claims",
                          "Department",
                          "DisplayName",
                          "Email",
                          "JobTitle"
                        ]
                      }
                    }
                  },
                  "metadata": {
                    "operationMetadataId": "538ee5bc-4e98-447a-8c54-a8b11c0621dc"
                  }
                },
                "Apply_to_each_3": {
                  "type": "Foreach",
                  "foreach": "@body('Parse_JSON_Drafters')",
                  "actions": {
                    "Append_to_array_variable_2": {
                      "type": "AppendToArrayVariable",
                      "inputs": {
                        "name": "DraftersEmail",
                        "value": "@items('Apply_to_each_3')['Email']"
                      },
                      "metadata": {
                        "operationMetadataId": "995fd495-c1f9-441f-b160-50fd0f66f82c"
                      }
                    }
                  },
                  "runAfter": {
                    "Parse_JSON_Drafters": [
                      "Succeeded"
                    ]
                  },
                  "metadata": {
                    "operationMetadataId": "38048225-175e-4bbb-a8d3-724c9b8754fd"
                  }
                },
                "Append_to_array_variable_3": {
                  "type": "AppendToArrayVariable",
                  "inputs": {
                    "name": "DraftersEmail",
                    "value": "@variables('jsonLeadDrafter')?[0]?['Email']"
                  },
                  "runAfter": {
                    "Apply_to_each_3": [
                      "Succeeded"
                    ]
                  },
                  "metadata": {
                    "operationMetadataId": "fb957765-44ae-4f59-b5d6-02c1f14e4c9b"
                  }
                }
              },
              "runAfter": {
                "DecisionMakers": [
                  "Succeeded"
                ]
              },
              "metadata": {
                "operationMetadataId": "26c0c187-89d5-4390-94d1-233c5f4b60f0"
              }
            }
          },
          "runAfter": {
            "DecisionMakersEmail": [
              "Succeeded"
            ]
          },
          "metadata": {
            "operationMetadataId": "9ad21064-3540-4b12-898e-001a316336c2"
          }
        },
        "EmailTemplate": {
          "type": "OpenApiConnection",
          "inputs": {
            "parameters": {
              "dataset": "@parameters('BriefingSolutionUrl (new_shared_sharepointonline_8cf497ea0c604ed08f2761a77882f509)')",
              "table": "@parameters('EmailTemplates (webandpl_shared_sharepointonline_a624f56806bd44839f1bc1bbf79f57c8)')",
              "$filter": "Title eq 'New Briefing Created'"
            },
            "host": {
              "apiId": "/providers/Microsoft.PowerApps/apis/shared_sharepointonline",
              "operationId": "GetItems",
              "connectionName": "shared_sharepointonline"
            }
          },
          "runAfter": {
            "Create_item_2": [
              "Succeeded"
            ]
          },
          "metadata": {
            "operationMetadataId": "c7d393ee-e3bf-471b-bd9f-4b2177531e05"
          }
        },
        "Subject": {
          "type": "Compose",
          "inputs": "@outputs('EmailTemplate')?['body/value'][0]['Subject']",
          "runAfter": {
            "EmailTemplate": [
              "Succeeded"
            ]
          },
          "metadata": {
            "operationMetadataId": "f94b1a0a-4807-4513-9409-6dcc136589a0"
          }
        },
        "ModifiedSubject": {
          "type": "Compose",
          "inputs": "@replace(replace(outputs('Subject'),'[Briefing ID]',outputs('Compose')),'[Briefing Title]',triggerBody()['text_2'])",
          "runAfter": {
            "Subject": [
              "Succeeded"
            ]
          },
          "metadata": {
            "operationMetadataId": "41a521b2-8cfb-4a75-a80e-6a9ad659cea7"
          }
        },
        "EmailBody": {
          "type": "Compose",
          "inputs": "@outputs('EmailTemplate')?['body/value'][0]['EmailBody']",
          "runAfter": {
            "ModifiedSubject": [
              "Succeeded"
            ]
          },
          "metadata": {
            "operationMetadataId": "dfd64b2f-15b4-4222-b304-6f8228c60e38"
          }
        },
        "ModifiedEmailBody": {
          "type": "Compose",
          "inputs": "@replace(replace(replace(replace(replace(replace(outputs('EmailBody'),'[Briefing ID]',outputs('Compose')),'[Briefing Title]',triggerBody()['text_2']),'[Creator Name]',triggerBody()['text_9']),' [Lead Drafter]',variables('jsonLeadDrafter')?[0]?['DisplayName']),'[Creation Date]',formatDateTime(utcNow(),'dd-MM-yyyy')),'[Comments ]',\ttriggerBody()['text_12'])",
          "runAfter": {
            "EmailBody": [
              "Succeeded"
            ]
          },
          "metadata": {
            "operationMetadataId": "8b11aa0e-a40d-42fe-89cd-2ae0d083e8ad"
          }
        },
        "Send_an_email_(V2)": {
          "type": "OpenApiConnection",
          "inputs": {
            "parameters": {
              "emailMessage/To": "@variables('jsonLeadDrafter')?[0]?['Email']",
              "emailMessage/Subject": "@outputs('ModifiedSubject')",
              "emailMessage/Body": "<p>@{outputs('ModifiedEmailBody')}<br>\n<br>\nAccess the Briefing: @{outputs('Compose_2')} to view the briefing in the system.</p>",
              "emailMessage/Cc": "@join(variables('DraftersEmail'),';')",
              "emailMessage/Importance": "Normal"
            },
            "host": {
              "apiId": "/providers/Microsoft.PowerApps/apis/shared_office365",
              "operationId": "SendEmailV2",
              "connectionName": "shared_office365"
            }
          },
          "runAfter": {
            "Compose_2": [
              "Succeeded"
            ]
          },
          "metadata": {
            "operationMetadataId": "44756316-6652-4931-b9e3-902cdf8c2287"
          }
        },
        "Compose_2": {
          "type": "Compose",
          "inputs": "<a href=\"@{parameters('AppUrl (webandpl_AppUrl)')}&briefingid=@{outputs('Update_file_properties')?['body/ID']}\">Click here</a>",
          "runAfter": {
            "ModifiedEmailBody": [
              "Succeeded"
            ]
          },
          "metadata": {
            "operationMetadataId": "1114d065-2d63-4564-9686-c1cbd95f3420"
          }
        }
      }
    },
    "templateName": null
  },
  "schemaVersion": "1.0.0.0"
}