{
  "properties": {
    "connectionReferences": {
      "shared_sharepointonline": {
        "api": {
          "name": "shared_sharepointonline"
        },
        "connection": {
          "connectionReferenceLogicalName": "webandpl_sharedsharepointonline_68dfe"
        },
        "runtimeSource": "embedded"
      },
      "shared_office365": {
        "api": {
          "name": "shared_office365"
        },
        "connection": {
          "connectionReferenceLogicalName": "webandpl_sharedoffice365_44a44"
        },
        "runtimeSource": "embedded"
      }
    },
    "definition": {
      "$schema": "https://schema.management.azure.com/providers/Microsoft.Logic/schemas/2016-06-01/workflowdefinition.json#",
      "contentVersion": "1.0.0.0",
      "parameters": {
        "$authentication": {
          "defaultValue": {},
          "type": "SecureObject"
        },
        "$connections": {
          "defaultValue": {},
          "type": "Object"
        },
        "AppUrl (webandpl_AppUrl)": {
          "defaultValue": "https://apps.powerapps.com/play/e/c29d3fef-55bd-43c9-a339-4dccd07dff3b/a/2cd5ca1b-29fb-4157-b332-954f0cacb5df?tenantId=821af0ec-3140-4137-af0e-6690286fb673&hint=56ea9158-8955-4c72-a1e7-b2ff9a335f61&sourcetime=1749572004621",
          "type": "String",
          "metadata": {
            "schemaName": "webandpl_AppUrl"
          }
        },
        "BriefingSolutionUrl (new_shared_sharepointonline_8cf497ea0c604ed08f2761a77882f509)": {
          "defaultValue": "https://parliamentofvictoria.sharepoint.com/sites/Test-BriefingSolution",
          "type": "String",
          "metadata": {
            "schemaName": "new_shared_sharepointonline_8cf497ea0c604ed08f2761a77882f509"
          }
        },
        "Briefing System (webandpl_shared_sharepointonline_6b277a49a8bb442f9cc39eee6b15c001)": {
          "defaultValue": "363567dc-ec1b-4461-ab7d-2a2125691459",
          "type": "String",
          "metadata": {
            "schemaName": "webandpl_shared_sharepointonline_6b277a49a8bb442f9cc39eee6b15c001"
          }
        },
        "EmailTemplates (webandpl_shared_sharepointonline_a624f56806bd44839f1bc1bbf79f57c8)": {
          "defaultValue": "7cc7596f-c0da-43ac-be92-e4ebc801ff96",
          "type": "String",
          "metadata": {
            "schemaName": "webandpl_shared_sharepointonline_a624f56806bd44839f1bc1bbf79f57c8"
          }
        }
      },
      "triggers": {
        "manual": {
          "type": "Request",
          "kind": "PowerAppV2",
          "inputs": {
            "schema": {
              "type": "object",
              "properties": {
                "text": {
                  "title": "Message",
                  "type": "string",
                  "x-ms-dynamically-added": true,
                  "description": "Please enter your input",
                  "x-ms-content-hint": "TEXT"
                },
                "text_1": {
                  "title": "EmailIDs",
                  "type": "string",
                  "x-ms-dynamically-added": true,
                  "description": "Please enter your input",
                  "x-ms-content-hint": "TEXT"
                },
                "number": {
                  "title": "DocumentID",
                  "type": "number",
                  "x-ms-dynamically-added": true,
                  "description": "Please enter a number",
                  "x-ms-content-hint": "NUMBER"
                },
                "text_2": {
                  "title": "Ops",
                  "type": "string",
                  "x-ms-dynamically-added": true,
                  "description": "Please enter your input",
                  "x-ms-content-hint": "TEXT"
                },
                "text_3": {
                  "title": "foldername",
                  "type": "string",
                  "x-ms-dynamically-added": true,
                  "description": "Please enter your input",
                  "x-ms-content-hint": "TEXT"
                }
              },
              "required": [
                "text",
                "text_1",
                "number",
                "text_2",
                "text_3"
              ]
            }
          },
          "metadata": {
            "operationMetadataId": "f13b0032-f435-4d5e-bfb7-9fd699df816f"
          }
        }
      },
      "actions": {
        "Switch": {
          "type": "Switch",
          "expression": "@triggerBody()['text_2']",
          "default": {
            "actions": {}
          },
          "cases": {
            "Add_Permission": {
              "actions": {
                "Get_item": {
                  "type": "OpenApiConnection",
                  "inputs": {
                    "parameters": {
                      "dataset": "@parameters('BriefingSolutionUrl (new_shared_sharepointonline_8cf497ea0c604ed08f2761a77882f509)')",
                      "table": "@parameters('Briefing System (webandpl_shared_sharepointonline_6b277a49a8bb442f9cc39eee6b15c001)')",
                      "id": "@triggerBody()?['number']"
                    },
                    "host": {
                      "apiId": "/providers/Microsoft.PowerApps/apis/shared_sharepointonline",
                      "operationId": "GetItem",
                      "connectionName": "shared_sharepointonline"
                    }
                  }
                },
                "EmailTemplate": {
                  "type": "OpenApiConnection",
                  "inputs": {
                    "parameters": {
                      "dataset": "@parameters('BriefingSolutionUrl (new_shared_sharepointonline_8cf497ea0c604ed08f2761a77882f509)')",
                      "table": "@parameters('EmailTemplates (webandpl_shared_sharepointonline_a624f56806bd44839f1bc1bbf79f57c8)')",
                      "$filter": "Title eq 'Request Review'"
                    },
                    "host": {
                      "apiId": "/providers/Microsoft.PowerApps/apis/shared_sharepointonline",
                      "operationId": "GetItems",
                      "connectionName": "shared_sharepointonline"
                    }
                  },
                  "runAfter": {
                    "Get_item": [
                      "Succeeded"
                    ]
                  }
                },
                "Subject": {
                  "type": "Compose",
                  "inputs": "@replace(replace(outputs('EmailTemplate')?['body/value'][0]['Subject'],'[Briefing ID]',outputs('Get_item')?['body/TransactionID']),'[Briefing Title]',outputs('Get_item')?['body/Title'])",
                  "runAfter": {
                    "EmailTemplate": [
                      "Succeeded"
                    ]
                  }
                },
                "Apply_to_each": {
                  "type": "Foreach",
                  "foreach": "@variables('emailids')",
                  "actions": {
                    "Grant_access_to_folder_as_read": {
                      "type": "OpenApiConnection",
                      "inputs": {
                        "parameters": {
                          "dataset": "@parameters('BriefingSolutionUrl (new_shared_sharepointonline_8cf497ea0c604ed08f2761a77882f509)')",
                          "table": "@parameters('Briefing System (webandpl_shared_sharepointonline_6b277a49a8bb442f9cc39eee6b15c001)')",
                          "id": "@outputs('folderid')",
                          "parameter/recipients": "@split(item(),'##')[0]",
                          "parameter/roleValue": "role:1073741826",
                          "parameter/sendEmail": false
                        },
                        "host": {
                          "apiId": "/providers/Microsoft.PowerApps/apis/shared_sharepointonline",
                          "operationId": "GrantAccess",
                          "connectionName": "shared_sharepointonline"
                        }
                      },
                      "metadata": {
                        "operationMetadataId": "1f6aa7b0-1d5c-4064-9bde-4f000de74389"
                      }
                    },
                    "Send_an_email_(V2)": {
                      "type": "OpenApiConnection",
                      "inputs": {
                        "parameters": {
                          "emailMessage/To": "@split(item(),'##')[0]",
                          "emailMessage/Subject": "@outputs('Subject')",
                          "emailMessage/Body": "<p class=\"editor-paragraph\">Dear @{split(item(),'##')[1]},<br><br>You have been requested to review the following briefing note:<br><br>Briefing Title: @{outputs('Get_item')?['body/Title']}<br>Briefing ID: @{outputs('Get_item')?['body/TransactionID']}<br>Requested By: @{outputs('Get_item')?['body/RequestCreatedBy']}<br>Date of Request: @{formatDateTime(outputs('Get_item')?['body/Created'],'dd-MM-yyyy')}<br>Comments: @{triggerBody()?['text']}<br><br>Access the Briefing: @{outputs('Compose_1')} to view the briefing in the system.</p>",
                          "emailMessage/Importance": "Normal"
                        },
                        "host": {
                          "apiId": "/providers/Microsoft.PowerApps/apis/shared_office365",
                          "operationId": "SendEmailV2",
                          "connectionName": "shared_office365"
                        }
                      },
                      "runAfter": {
                        "Grant_access_to_folder_as_read": [
                          "Succeeded"
                        ]
                      }
                    }
                  },
                  "runAfter": {
                    "Compose_1": [
                      "Succeeded"
                    ]
                  },
                  "metadata": {
                    "operationMetadataId": "20eb27c1-84b7-4704-9e6a-ceda5d70b0a2"
                  }
                },
                "Compose_1": {
                  "type": "Compose",
                  "inputs": "<a href=\"@{parameters('AppUrl (webandpl_AppUrl)')}&briefingid=@{outputs('Get_item')?['body/ID']}\">Click here</a>",
                  "runAfter": {
                    "Subject": [
                      "Succeeded"
                    ]
                  }
                }
              },
              "case": "Add"
            },
            "Remove_Permission": {
              "actions": {
                "Apply_to_each_2": {
                  "type": "Foreach",
                  "foreach": "@variables('emailids')",
                  "actions": {
                    "Send_an_HTTP_request_to_SharePoint_2": {
                      "type": "OpenApiConnection",
                      "inputs": {
                        "parameters": {
                          "dataset": "@parameters('BriefingSolutionUrl (new_shared_sharepointonline_8cf497ea0c604ed08f2761a77882f509)')",
                          "parameters/method": "GET",
                          "parameters/uri": "/_api/Web/SiteUsers?$filter=Email eq '@{split(item(),'##')[0]}'",
                          "parameters/headers": {
                            "Content-type": "application/json;odata=verbose",
                            "Accept": "application/json;odata=verbose"
                          }
                        },
                        "host": {
                          "apiId": "/providers/Microsoft.PowerApps/apis/shared_sharepointonline",
                          "operationId": "HttpRequest",
                          "connectionName": "shared_sharepointonline"
                        }
                      },
                      "metadata": {
                        "operationMetadataId": "39ff840e-2e0e-40b8-894d-7de208cc8d3d"
                      }
                    },
                    "Send_an_HTTP_request_to_SharePoint_folder": {
                      "type": "OpenApiConnection",
                      "inputs": {
                        "parameters": {
                          "dataset": "@parameters('BriefingSolutionUrl (new_shared_sharepointonline_8cf497ea0c604ed08f2761a77882f509)')",
                          "parameters/method": "DELETE",
                          "parameters/uri": "/_api/web/lists/getbytitle('Briefing System')/items(@{outputs('folderid')})/roleassignments(@{outputs('userid')})"
                        },
                        "host": {
                          "apiId": "/providers/Microsoft.PowerApps/apis/shared_sharepointonline",
                          "operationId": "HttpRequest",
                          "connectionName": "shared_sharepointonline"
                        }
                      },
                      "runAfter": {
                        "Send_an_HTTP_request_to_SharePoint_document": [
                          "Succeeded"
                        ]
                      },
                      "metadata": {
                        "operationMetadataId": "c0757552-b59a-4be9-a178-81ddee8be4d9"
                      }
                    },
                    "userid": {
                      "type": "Compose",
                      "inputs": "@body('Send_an_HTTP_request_to_SharePoint_2')['d']['results'][0]['Id']",
                      "runAfter": {
                        "Send_an_HTTP_request_to_SharePoint_2": [
                          "Succeeded"
                        ]
                      },
                      "metadata": {
                        "operationMetadataId": "1661e5e1-4f28-484b-8ec8-2fd0235ade96"
                      }
                    },
                    "Send_an_HTTP_request_to_SharePoint_document": {
                      "type": "OpenApiConnection",
                      "inputs": {
                        "parameters": {
                          "dataset": "@parameters('BriefingSolutionUrl (new_shared_sharepointonline_8cf497ea0c604ed08f2761a77882f509)')",
                          "parameters/method": "DELETE",
                          "parameters/uri": "/_api/web/lists/getbytitle('Briefing System')/items(@{triggerBody()['number']})/roleassignments(@{outputs('userid')})"
                        },
                        "host": {
                          "apiId": "/providers/Microsoft.PowerApps/apis/shared_sharepointonline",
                          "operationId": "HttpRequest",
                          "connectionName": "shared_sharepointonline"
                        }
                      },
                      "runAfter": {
                        "userid": [
                          "Succeeded"
                        ]
                      },
                      "metadata": {
                        "operationMetadataId": "3b53d6bb-55a4-4ea7-8c69-ad87f7164c81"
                      }
                    }
                  },
                  "metadata": {
                    "operationMetadataId": "46f257ec-8b87-4a26-991d-3c54edb68feb"
                  }
                }
              },
              "case": "Remove"
            }
          },
          "runAfter": {
            "folderid": [
              "Succeeded"
            ]
          },
          "metadata": {
            "operationMetadataId": "ee488efd-c2d8-46e7-b474-6f3e92722d25"
          }
        },
        "stringtoarray_emailids": {
          "type": "InitializeVariable",
          "inputs": {
            "variables": [
              {
                "name": "emailids",
                "type": "array",
                "value": "@split(triggerBody()['text_1'],';')"
              }
            ]
          },
          "runAfter": {},
          "metadata": {
            "operationMetadataId": "2a2ac432-dc33-4560-991b-59fb4b6f3575"
          }
        },
        "Get_items": {
          "type": "OpenApiConnection",
          "inputs": {
            "parameters": {
              "dataset": "@parameters('BriefingSolutionUrl (new_shared_sharepointonline_8cf497ea0c604ed08f2761a77882f509)')",
              "table": "@parameters('Briefing System (webandpl_shared_sharepointonline_6b277a49a8bb442f9cc39eee6b15c001)')",
              "$filter": "Title eq '@{triggerBody()['text_3']}'"
            },
            "host": {
              "apiId": "/providers/Microsoft.PowerApps/apis/shared_sharepointonline",
              "operationId": "GetItems",
              "connectionName": "shared_sharepointonline"
            }
          },
          "runAfter": {
            "Set_variable": [
              "Succeeded"
            ]
          },
          "metadata": {
            "operationMetadataId": "6736af7c-488d-42d4-a75b-8aeaebb3920c"
          }
        },
        "folderid": {
          "type": "Compose",
          "inputs": "@outputs('Get_items')?['body/value']?[0]?['ID']",
          "runAfter": {
            "Get_items": [
              "Succeeded"
            ]
          },
          "metadata": {
            "operationMetadataId": "bda58b8d-5e4b-472f-a15e-164845dd1bac"
          }
        },
        "Filter_array": {
          "type": "Query",
          "inputs": {
            "from": "@variables('emailids')",
            "where": "@not(equals(item(), ''))"
          },
          "runAfter": {
            "stringtoarray_emailids": [
              "Succeeded"
            ]
          },
          "metadata": {
            "operationMetadataId": "b180e2d0-d014-4491-90c5-bf042edec13a"
          }
        },
        "Set_variable": {
          "type": "SetVariable",
          "inputs": {
            "name": "emailids",
            "value": "@body('Filter_array')"
          },
          "runAfter": {
            "Filter_array": [
              "Succeeded"
            ]
          },
          "metadata": {
            "operationMetadataId": "0ed18233-5b6a-4e7d-9ed6-0043d4887316"
          }
        }
      }
    },
    "templateName": null
  },
  "schemaVersion": "1.0.0.0"
}