{
  "properties": {
    "connectionReferences": {
      "shared_sharepointonline": {
        "api": {
          "name": "shared_sharepointonline"
        },
        "connection": {
          "connectionReferenceLogicalName": "webandpl_sharedsharepointonline_68dfe"
        },
        "runtimeSource": "embedded"
      },
      "shared_office365": {
        "api": {
          "name": "shared_office365"
        },
        "connection": {
          "connectionReferenceLogicalName": "webandpl_sharedoffice365_44a44"
        },
        "runtimeSource": "embedded"
      },
      "shared_adobepdftools": {
        "api": {
          "name": "shared_adobepdftools"
        },
        "connection": {
          "connectionReferenceLogicalName": "new_sharedadobepdftools_c8fb7"
        },
        "runtimeSource": "embedded"
      }
    },
    "definition": {
      "$schema": "https://schema.management.azure.com/providers/Microsoft.Logic/schemas/2016-06-01/workflowdefinition.json#",
      "contentVersion": "1.0.0.0",
      "parameters": {
        "$authentication": {
          "defaultValue": {},
          "type": "SecureObject"
        },
        "$connections": {
          "defaultValue": {},
          "type": "Object"
        },
        "AppUrl (webandpl_AppUrl)": {
          "defaultValue": "https://apps.powerapps.com/play/e/c29d3fef-55bd-43c9-a339-4dccd07dff3b/a/2cd5ca1b-29fb-4157-b332-954f0cacb5df?tenantId=821af0ec-3140-4137-af0e-6690286fb673&hint=56ea9158-8955-4c72-a1e7-b2ff9a335f61&sourcetime=1750165164333",
          "type": "String",
          "metadata": {
            "schemaName": "webandpl_AppUrl"
          }
        },
        "BriefingSolutionUrl (new_shared_sharepointonline_8cf497ea0c604ed08f2761a77882f509)": {
          "defaultValue": "https://parliamentofvictoria.sharepoint.com/sites/Test-BriefingSolution",
          "type": "String",
          "metadata": {
            "schemaName": "new_shared_sharepointonline_8cf497ea0c604ed08f2761a77882f509"
          }
        },
        "BriefingWorkflowHistory (webandpl_shared_sharepointonline_ab7775da61274a27b442373b796f97bf)": {
          "defaultValue": "af29bfce-d23b-46dc-b19d-f624029e8ff5",
          "type": "String",
          "metadata": {
            "schemaName": "webandpl_shared_sharepointonline_ab7775da61274a27b442373b796f97bf"
          }
        },
        "Briefing System (webandpl_shared_sharepointonline_6b277a49a8bb442f9cc39eee6b15c001)": {
          "defaultValue": "363567dc-ec1b-4461-ab7d-2a2125691459",
          "type": "String",
          "metadata": {
            "schemaName": "webandpl_shared_sharepointonline_6b277a49a8bb442f9cc39eee6b15c001"
          }
        },
        "EmailTemplates (webandpl_shared_sharepointonline_a624f56806bd44839f1bc1bbf79f57c8)": {
          "defaultValue": "7cc7596f-c0da-43ac-be92-e4ebc801ff96",
          "type": "String",
          "metadata": {
            "schemaName": "webandpl_shared_sharepointonline_a624f56806bd44839f1bc1bbf79f57c8"
          }
        }
      },
      "triggers": {
        "manual": {
          "type": "Request",
          "kind": "PowerAppV2",
          "inputs": {
            "schema": {
              "type": "object",
              "properties": {
                "number": {
                  "description": "Please enter a number",
                  "title": "ItemID",
                  "type": "number",
                  "x-ms-content-hint": "NUMBER",
                  "x-ms-dynamically-added": true
                },
                "text": {
                  "title": "Message",
                  "type": "string",
                  "x-ms-dynamically-added": true,
                  "description": "Please enter your input",
                  "x-ms-content-hint": "TEXT"
                },
                "text_1": {
                  "title": "NotifyType",
                  "type": "string",
                  "x-ms-dynamically-added": true,
                  "description": "Please enter your input",
                  "x-ms-content-hint": "TEXT"
                },
                "text_2": {
                  "description": "Please enter your input",
                  "title": "CurrentUser",
                  "type": "string",
                  "x-ms-content-hint": "TEXT",
                  "x-ms-dynamically-added": true
                }
              },
              "required": [
                "number",
                "text",
                "text_1",
                "text_2"
              ]
            }
          },
          "metadata": {
            "operationMetadataId": "ae2aa6b8-1cd2-4963-b7db-1ce3028f04bb"
          }
        }
      },
      "actions": {
        "Switch": {
          "type": "Switch",
          "expression": "@outputs('BriefingItem')?['body/TempStatus/Value']",
          "default": {
            "actions": {}
          },
          "cases": {
            "SendEmailToDrafters": {
              "actions": {
                "Update_file_properties": {
                  "type": "OpenApiConnection",
                  "inputs": {
                    "parameters": {
                      "dataset": "@parameters('BriefingSolutionUrl (new_shared_sharepointonline_8cf497ea0c604ed08f2761a77882f509)')",
                      "table": "@parameters('Briefing System (webandpl_shared_sharepointonline_6b277a49a8bb442f9cc39eee6b15c001)')",
                      "id": "@triggerBody()?['number']",
                      "item/Assignee": [
                        {
                          "Claims": "@concat('i:0#.f|membership|',outputs('BriefingItem')?['body/LeadDrafterEmail'])"
                        }
                      ],
                      "item/AssignedOn": "@utcNow()",
                      "item/Status/Value": "Draft",
                      "item/TransactionID": "@outputs('BriefingItem')?['body/TransactionID']",
                      "item/TriggerWorkflow": false,
                      "item/WorkflowInstance": "@variables('WorkflowInstance')"
                    },
                    "host": {
                      "apiId": "/providers/Microsoft.PowerApps/apis/shared_sharepointonline",
                      "operationId": "PatchFileItem",
                      "connectionName": "shared_sharepointonline"
                    }
                  },
                  "metadata": {
                    "operationMetadataId": "86e84c45-5d18-4900-86a8-7ecf546b9039"
                  }
                },
                "Create_Task_for_Lead_Drafter": {
                  "type": "OpenApiConnection",
                  "inputs": {
                    "parameters": {
                      "dataset": "@parameters('BriefingSolutionUrl (new_shared_sharepointonline_8cf497ea0c604ed08f2761a77882f509)')",
                      "table": "@parameters('BriefingWorkflowHistory (webandpl_shared_sharepointonline_ab7775da61274a27b442373b796f97bf)')",
                      "item/Approver/Claims": "@outputs('Update_file_properties')?['body/LeadDrafter/Claims']",
                      "item/Stage": "Drafting",
                      "item/WorkflowInstance": "@variables('WorkflowInstance')"
                    },
                    "host": {
                      "apiId": "/providers/Microsoft.PowerApps/apis/shared_sharepointonline",
                      "operationId": "PostItem",
                      "connectionName": "shared_sharepointonline"
                    }
                  },
                  "runAfter": {
                    "Update_file_properties": [
                      "Succeeded"
                    ]
                  },
                  "metadata": {
                    "operationMetadataId": "19bbd09b-0d97-436a-a70d-9caa8b515709"
                  }
                },
                "Switch_1": {
                  "type": "Switch",
                  "expression": "@triggerBody()?['text_1']",
                  "default": {
                    "actions": {}
                  },
                  "cases": {
                    "Cancel_Approval_Request_in_Awaiting_Endorsement": {
                      "actions": {
                        "Filter_array_Cancel_Approval_Request_in_Awaiting_Endorsement": {
                          "type": "Query",
                          "inputs": {
                            "from": "@outputs('EmailTemplates')?['body/value']",
                            "where": "@equals(item()?['Title'],'Cancel Approval Request in Awaiting Endorsement')"
                          },
                          "metadata": {
                            "operationMetadataId": "382fd265-365f-4a43-b24e-e8cdab06605c"
                          }
                        },
                        "Set_Enodrse_Cancel_Email_Subject": {
                          "type": "SetVariable",
                          "inputs": {
                            "name": "EmailSubject",
                            "value": "@replace(replace(body('Filter_array_Cancel_Approval_Request_in_Awaiting_Endorsement')[0]['Subject'],'[BriefingID]',outputs('BriefingItem')?['body/TransactionID']),'[BriefingTitle]',outputs('BriefingItem')?['body/Title'])"
                          },
                          "runAfter": {
                            "Filter_array_Cancel_Approval_Request_in_Awaiting_Endorsement": [
                              "Succeeded"
                            ]
                          },
                          "metadata": {
                            "operationMetadataId": "df61da96-c0a6-4dcb-b507-d9f609fb1b65"
                          }
                        },
                        "Set_Enodrser_Cancel_EmailBody": {
                          "type": "SetVariable",
                          "inputs": {
                            "name": "EmailBody",
                            "value": "@replace(replace(replace(replace(replace(replace(body('Filter_array_Cancel_Approval_Request_in_Awaiting_Endorsement')[0]['EmailBody'],'[BriefingTitle]',outputs('BriefingItem')?['body/Title']),'[BriefingID]',outputs('BriefingItem')?['body/TransactionID']),'[SubmitterName]',outputs('BriefingItem')?['body/RequestCreatedBy']),'[SubmissionDate]',formatDateTime(outputs('BriefingItem')?['body/Created'],'dd-MM-yyyy')),'[Clickhere]',outputs('ClickHere')),'[LeadDrafterName]',outputs('BriefingItem')?['body/LeadDrafterName'])"
                          },
                          "runAfter": {
                            "Set_Enodrse_Cancel_Email_Subject": [
                              "Succeeded"
                            ]
                          },
                          "metadata": {
                            "operationMetadataId": "f897cf51-d5eb-4106-9dc4-c4c9e8c0bc40"
                          }
                        },
                        "Send_an_email_-Cancel_Approval_Request_in_Awaiting_Endorsement": {
                          "type": "OpenApiConnection",
                          "inputs": {
                            "parameters": {
                              "emailMessage/To": "@{join(variables('varEndorsersEmails'),';')};@{outputs('BriefingItem')?['body/LeadDrafterEmail']}",
                              "emailMessage/Subject": "@variables('EmailSubject')",
                              "emailMessage/Body": "<p class=\"editor-paragraph\">@{variables('EmailBody')}</p>",
                              "emailMessage/Importance": "Normal"
                            },
                            "host": {
                              "apiId": "/providers/Microsoft.PowerApps/apis/shared_office365",
                              "operationId": "SendEmailV2",
                              "connectionName": "shared_office365"
                            }
                          },
                          "runAfter": {
                            "Set_Enodrser_Cancel_EmailBody": [
                              "Succeeded"
                            ]
                          },
                          "metadata": {
                            "operationMetadataId": "f0f27680-2a2b-47a0-b532-56b2eb5694c3"
                          }
                        }
                      },
                      "case": "Cancel Approval Request in Awaiting Endorsement"
                    },
                    "Cancel_Approval_Request_in_Awaiting_Decision": {
                      "actions": {
                        "Filter_array_Cancel_Approval_Request_in_Awaiting_Decision": {
                          "type": "Query",
                          "inputs": {
                            "from": "@outputs('EmailTemplates')?['body/value']",
                            "where": "@equals(item()?['Title'],'Cancel Approval Request in Awaiting Decision')"
                          },
                          "metadata": {
                            "operationMetadataId": "949fcb7c-8f7e-490f-8733-02199aca0b48"
                          }
                        },
                        "Set_DecisionMaker_Cancel_Email_Subject": {
                          "type": "SetVariable",
                          "inputs": {
                            "name": "EmailSubject",
                            "value": "@replace(replace(body('Filter_array_Cancel_Approval_Request_in_Awaiting_Decision')[0]['Subject'],'[BriefingID]',outputs('BriefingItem')?['body/TransactionID']),'[BriefingTitle]',outputs('BriefingItem')?['body/Title'])\r\n"
                          },
                          "runAfter": {
                            "Filter_array_Cancel_Approval_Request_in_Awaiting_Decision": [
                              "Succeeded"
                            ]
                          },
                          "metadata": {
                            "operationMetadataId": "d76f7f00-db24-4a06-8260-6016dd8c884d"
                          }
                        },
                        "Set_Decisionmaker_Cancel_EmailBody": {
                          "type": "SetVariable",
                          "inputs": {
                            "name": "EmailBody",
                            "value": "@replace(replace(replace(replace(replace(replace(bodybody('Filter_array_Cancel_Approval_Request_in_Awaiting_Decision')[0]['EmailBody'],'[BriefingTitle]',outputs('BriefingItem')?['body/Title']),'[BriefingID]',outputs('BriefingItem')?['body/TransactionID']),'[SubmitterName]',outputs('BriefingItem')?['body/RequestCreatedBy']),'[SubmissionDate]',formatDateTime(outputs('BriefingItem')?['body/Created'],'dd-MM-yyyy')),'[Clickhere]',outputs('ClickHere')),'[LeadDrafterName]',outputs('BriefingItem')?['body/LeadDrafterName'])"
                          },
                          "runAfter": {
                            "Set_DecisionMaker_Cancel_Email_Subject": [
                              "Succeeded"
                            ]
                          },
                          "metadata": {
                            "operationMetadataId": "4972bf2d-27da-4139-8896-9e09edfb4b45"
                          }
                        },
                        "Send_an_email_-Cancel_Approval_Request_in_Awaiting_DecisionMaker": {
                          "type": "OpenApiConnection",
                          "inputs": {
                            "parameters": {
                              "emailMessage/To": "@{join(variables('DecisionMakersEmails'),';')};@{join(variables('varEndorsersEmails'),';')};@{outputs('BriefingItem')?['body/LeadDrafterEmail']}",
                              "emailMessage/Subject": "@variables('EmailSubject')",
                              "emailMessage/Body": "<p class=\"editor-paragraph\">@{variables('EmailBody')}</p>",
                              "emailMessage/Importance": "Normal"
                            },
                            "host": {
                              "apiId": "/providers/Microsoft.PowerApps/apis/shared_office365",
                              "operationId": "SendEmailV2",
                              "connectionName": "shared_office365"
                            }
                          },
                          "runAfter": {
                            "Set_Decisionmaker_Cancel_EmailBody": [
                              "Succeeded"
                            ]
                          },
                          "metadata": {
                            "operationMetadataId": "6f3552b1-e540-42ae-b964-2abd6a73a280"
                          }
                        }
                      },
                      "case": "Cancel Approval Request in Awaiting Decision"
                    }
                  },
                  "runAfter": {
                    "Create_Task_for_Lead_Drafter": [
                      "Succeeded"
                    ]
                  },
                  "metadata": {
                    "operationMetadataId": "2a935ab5-73b0-4d25-8d58-005d7215d3c6"
                  }
                }
              },
              "case": "SentToDraft"
            },
            "SendEmailToEndorsers": {
              "actions": {
                "For_each_1": {
                  "type": "Foreach",
                  "foreach": "@outputs('BriefingItem')?['body/Endorsers']",
                  "actions": {
                    "Append_to_array_variable": {
                      "type": "AppendToArrayVariable",
                      "inputs": {
                        "name": "Assignees",
                        "value": {
                          "Claims": "@{items('For_each_1')?['Claims']}"
                        }
                      },
                      "metadata": {
                        "operationMetadataId": "6d18b2cf-d268-4369-8fad-51f16c853789"
                      }
                    },
                    "Create_item": {
                      "type": "OpenApiConnection",
                      "inputs": {
                        "parameters": {
                          "dataset": "@parameters('BriefingSolutionUrl (new_shared_sharepointonline_8cf497ea0c604ed08f2761a77882f509)')",
                          "table": "@parameters('BriefingWorkflowHistory (webandpl_shared_sharepointonline_ab7775da61274a27b442373b796f97bf)')",
                          "item/Approver/Claims": "@items('For_each_1')?['Claims']",
                          "item/ParentID/Id": "@triggerBody()?['number']",
                          "item/Stage": "Endorser Level",
                          "item/WorkflowInstance": "@variables('WorkflowInstance')"
                        },
                        "host": {
                          "apiId": "/providers/Microsoft.PowerApps/apis/shared_sharepointonline",
                          "operationId": "PostItem",
                          "connectionName": "shared_sharepointonline"
                        }
                      },
                      "runAfter": {
                        "Append_to_array_variable": [
                          "Succeeded"
                        ]
                      },
                      "metadata": {
                        "operationMetadataId": "dc7874bb-b744-413c-b832-b0990b7a0afd"
                      }
                    },
                    "SendEmailToEndorser": {
                      "type": "OpenApiConnection",
                      "inputs": {
                        "parameters": {
                          "emailMessage/To": "@replace(item()?['Claims'],'i:0#.f|membership|','')",
                          "emailMessage/Subject": "@variables('EmailSubject')",
                          "emailMessage/Body": "<p class=\"editor-paragraph\">@{outputs('modifiedendorseEmailBody')}</p>",
                          "emailMessage/Importance": "Normal"
                        },
                        "host": {
                          "apiId": "/providers/Microsoft.PowerApps/apis/shared_office365",
                          "operationId": "SendEmailV2",
                          "connectionName": "shared_office365"
                        }
                      },
                      "runAfter": {
                        "modifiedendorseEmailBody": [
                          "Succeeded"
                        ]
                      },
                      "metadata": {
                        "operationMetadataId": "238626d7-4618-4b56-b8c3-97938f22aa61"
                      }
                    },
                    "modifiedendorseEmailBody": {
                      "type": "Compose",
                      "inputs": "@replace(variables('EmailBody'),'[EndorserName]',outputs('Create_item')?['body/Approver/DisplayName'])",
                      "runAfter": {
                        "Create_item": [
                          "Succeeded"
                        ]
                      },
                      "metadata": {
                        "operationMetadataId": "a5db333c-f6c2-4307-aeb6-a2b1707447d4"
                      }
                    }
                  },
                  "runAfter": {
                    "Set_Enodrser_EmailBody_": [
                      "Succeeded"
                    ]
                  },
                  "metadata": {
                    "operationMetadataId": "fa1bdd71-3af7-4845-9daa-bcc099229fdd"
                  }
                },
                "Update_file_properties_1": {
                  "type": "OpenApiConnection",
                  "inputs": {
                    "parameters": {
                      "dataset": "@parameters('BriefingSolutionUrl (new_shared_sharepointonline_8cf497ea0c604ed08f2761a77882f509)')",
                      "table": "@parameters('Briefing System (webandpl_shared_sharepointonline_6b277a49a8bb442f9cc39eee6b15c001)')",
                      "id": "@triggerBody()?['number']",
                      "item/Assignee": "@variables('Assignees')",
                      "item/AssignedOn": "@utcNow()",
                      "item/Status/Value": "Awaiting Endorsement",
                      "item/TriggerWorkflow": false,
                      "item/WorkflowInstance": "@variables('WorkflowInstance')"
                    },
                    "host": {
                      "apiId": "/providers/Microsoft.PowerApps/apis/shared_sharepointonline",
                      "operationId": "PatchFileItem",
                      "connectionName": "shared_sharepointonline"
                    }
                  },
                  "runAfter": {
                    "For_each_1": [
                      "Succeeded"
                    ]
                  },
                  "metadata": {
                    "operationMetadataId": "dfee84dd-792a-4145-9f98-ce27d5b77628"
                  }
                },
                "Submit_for_endorsement": {
                  "type": "Query",
                  "inputs": {
                    "from": "@outputs('EmailTemplates')?['body/value']",
                    "where": "@equals(item()?['Title'],'Submit for endorsement')"
                  },
                  "metadata": {
                    "operationMetadataId": "a76a797b-100d-4bcc-902c-e49d73df6efe"
                  }
                },
                "Set_Enodrse_Email_Subject": {
                  "type": "SetVariable",
                  "inputs": {
                    "name": "EmailSubject",
                    "value": "@replace(replace(body('Submit_for_endorsement')[0]['Subject'],'[BriefingID]',outputs('BriefingItem')?['body/TransactionID']),'[BriefingTitle]',outputs('BriefingItem')?['body/Title'])"
                  },
                  "runAfter": {
                    "Submit_for_endorsement": [
                      "Succeeded"
                    ]
                  },
                  "metadata": {
                    "operationMetadataId": "f735973d-fa4b-42e5-bcbd-6f9d57631e00"
                  }
                },
                "Set_Enodrser_EmailBody_": {
                  "type": "SetVariable",
                  "inputs": {
                    "name": "EmailBody",
                    "value": "@replace(replace(replace(replace(replace(body('Submit_for_endorsement')[0]['EmailBody'],'[BriefingTitle]',outputs('BriefingItem')?['body/Title']),'[BriefingID]',outputs('BriefingItem')?['body/TransactionID']),'[SubmitterName]',outputs('BriefingItem')?['body/RequestCreatedBy']),'[SubmissionDate]',formatDateTime(outputs('BriefingItem')?['body/Created'],'dd-MM-yyyy')),'[Clickhere]',outputs('ClickHere'))"
                  },
                  "runAfter": {
                    "Set_Enodrse_Email_Subject": [
                      "Succeeded"
                    ]
                  },
                  "metadata": {
                    "operationMetadataId": "1fc3e9f3-8484-4f07-a944-e05572154473"
                  }
                }
              },
              "case": "SentToEndorser"
            },
            "Awaiting_Decision": {
              "actions": {
                "Apply_to_each_5": {
                  "type": "Foreach",
                  "foreach": "@outputs('BriefingItem')?['body/DecisionMakers']",
                  "actions": {
                    "Append_to_array_variable_2": {
                      "type": "AppendToArrayVariable",
                      "inputs": {
                        "name": "Assignees",
                        "value": {
                          "Claims": "@{items('Apply_to_each_5')?['Claims']}"
                        }
                      },
                      "metadata": {
                        "operationMetadataId": "417af5a7-a5af-4b56-b511-81fa637bfafb"
                      }
                    },
                    "Create_Approval_Task_for_Decision_Authority": {
                      "type": "OpenApiConnection",
                      "inputs": {
                        "parameters": {
                          "dataset": "@parameters('BriefingSolutionUrl (new_shared_sharepointonline_8cf497ea0c604ed08f2761a77882f509)')",
                          "table": "@parameters('BriefingWorkflowHistory (webandpl_shared_sharepointonline_ab7775da61274a27b442373b796f97bf)')",
                          "item/Approver/Claims": "@items('Apply_to_each_5')?['Claims']",
                          "item/ParentID/Id": "@triggerBody()?['number']",
                          "item/Stage": "Decision Authority Level",
                          "item/WorkflowInstance": "@variables('WorkflowInstance')"
                        },
                        "host": {
                          "apiId": "/providers/Microsoft.PowerApps/apis/shared_sharepointonline",
                          "operationId": "PostItem",
                          "connectionName": "shared_sharepointonline"
                        }
                      },
                      "runAfter": {
                        "Append_to_array_variable_2": [
                          "Succeeded"
                        ]
                      },
                      "metadata": {
                        "operationMetadataId": "108a008b-1c78-4eb8-bbda-acf936e05e12"
                      }
                    },
                    "Send_an_email_-_Approval_Request_in_Awaiting_DecisionMaker": {
                      "type": "OpenApiConnection",
                      "inputs": {
                        "parameters": {
                          "emailMessage/To": "@outputs('Create_Approval_Task_for_Decision_Authority')?['body/Approver/Email']",
                          "emailMessage/Subject": "@variables('EmailSubject')",
                          "emailMessage/Body": "<p class=\"editor-paragraph\">@{outputs('modifiedDecisionMakerEmailBody')}</p>",
                          "emailMessage/Cc": "@outputs('BriefingItem')?['body/LeadDrafterEmail']",
                          "emailMessage/Importance": "Normal"
                        },
                        "host": {
                          "apiId": "/providers/Microsoft.PowerApps/apis/shared_office365",
                          "operationId": "SendEmailV2",
                          "connectionName": "shared_office365"
                        }
                      },
                      "runAfter": {
                        "modifiedDecisionMakerEmailBody": [
                          "Succeeded"
                        ]
                      },
                      "metadata": {
                        "operationMetadataId": "3ca40fc1-29fa-4d22-8c7c-6cfb9a31bfa1"
                      }
                    },
                    "modifiedDecisionMakerEmailBody": {
                      "type": "Compose",
                      "inputs": "@replace(variables('EmailBody'),'[DecisionMakers]',outputs('Create_Approval_Task_for_Decision_Authority')?['body/Approver/DisplayName'])",
                      "runAfter": {
                        "Create_Approval_Task_for_Decision_Authority": [
                          "Succeeded"
                        ]
                      },
                      "metadata": {
                        "operationMetadataId": "e6f28c40-ecd9-4b71-be75-10eecad47932"
                      }
                    }
                  },
                  "runAfter": {
                    "Set_Decisionmaker_ApproveEmailBody": [
                      "Succeeded"
                    ]
                  },
                  "metadata": {
                    "operationMetadataId": "a15a5075-5bf7-428e-a780-5782716aa09d"
                  }
                },
                "Update_file_properties_3": {
                  "type": "OpenApiConnection",
                  "inputs": {
                    "parameters": {
                      "dataset": "@parameters('BriefingSolutionUrl (new_shared_sharepointonline_8cf497ea0c604ed08f2761a77882f509)')",
                      "table": "@parameters('Briefing System (webandpl_shared_sharepointonline_6b277a49a8bb442f9cc39eee6b15c001)')",
                      "id": "@triggerBody()?['number']",
                      "item/Assignee": "@variables('Assignees')",
                      "item/Status/Value": "Awaiting Decision",
                      "item/TriggerWorkflow": false,
                      "item/WorkflowInstance": "@variables('WorkflowInstance')"
                    },
                    "host": {
                      "apiId": "/providers/Microsoft.PowerApps/apis/shared_sharepointonline",
                      "operationId": "PatchFileItem",
                      "connectionName": "shared_sharepointonline"
                    }
                  },
                  "runAfter": {
                    "Apply_to_each_5": [
                      "Succeeded"
                    ]
                  },
                  "metadata": {
                    "operationMetadataId": "aeea6fdb-5af1-44ed-abbd-a786594a28cc"
                  }
                },
                "FilterArrayDecisionApproval": {
                  "type": "Query",
                  "inputs": {
                    "from": "@outputs('EmailTemplates')?['body/value']",
                    "where": "@equals(item()?['Title'],'SendToDecisionMakers')"
                  },
                  "metadata": {
                    "operationMetadataId": "12a1a2a9-1453-46b2-b694-87d9d0fce222"
                  }
                },
                "Set_DecisionMaker_Email_Subject": {
                  "type": "SetVariable",
                  "inputs": {
                    "name": "EmailSubject",
                    "value": "@replace(replace(body('FilterArrayDecisionApproval')[0]['Subject'],'[BriefingID]',outputs('BriefingItem')?['body/TransactionID']),'[BriefingTitle]',outputs('BriefingItem')?['body/Title'])"
                  },
                  "runAfter": {
                    "FilterArrayDecisionApproval": [
                      "Succeeded"
                    ]
                  },
                  "metadata": {
                    "operationMetadataId": "84b91b5f-8f6f-4345-8ebb-f082c1313d4c"
                  }
                },
                "Set_Decisionmaker_ApproveEmailBody": {
                  "type": "SetVariable",
                  "inputs": {
                    "name": "EmailBody",
                    "value": "@replace(replace(replace(replace(replace(body('FilterArrayDecisionApproval')[0]['EmailBody'],'[BriefingID]',outputs('BriefingItem')?['body/TransactionID']),'[BriefingTitle]',outputs('BriefingItem')?['body/Title']),'[LeadDrafterName]',outputs('BriefingItem')?['body/LeadDrafterName']),'[Clickhere]',outputs('ClickHere')),'[EndorserNames]',join(variables('EndorserNames'),','))"
                  },
                  "runAfter": {
                    "Set_DecisionMaker_Email_Subject": [
                      "Succeeded"
                    ]
                  },
                  "metadata": {
                    "operationMetadataId": "076d9806-7a96-415b-93dc-538369e00047"
                  }
                }
              },
              "case": "SentToDecision"
            },
            "Completion": {
              "actions": {
                "Get_file_content": {
                  "type": "OpenApiConnection",
                  "inputs": {
                    "parameters": {
                      "dataset": "@parameters('BriefingSolutionUrl (new_shared_sharepointonline_8cf497ea0c604ed08f2761a77882f509)')",
                      "id": "@outputs('BriefingItem')?['body/{Identifier}']",
                      "inferContentType": true
                    },
                    "host": {
                      "apiId": "/providers/Microsoft.PowerApps/apis/shared_sharepointonline",
                      "operationId": "GetFileContent",
                      "connectionName": "shared_sharepointonline"
                    }
                  },
                  "runAfter": {
                    "SetCompleteMailBody": [
                      "Succeeded"
                    ]
                  },
                  "metadata": {
                    "operationMetadataId": "d8d06f99-8245-478c-8f7b-1eb0eeb341fc"
                  }
                },
                "Update_file_properties_4": {
                  "type": "OpenApiConnection",
                  "inputs": {
                    "parameters": {
                      "dataset": "@parameters('BriefingSolutionUrl (new_shared_sharepointonline_8cf497ea0c604ed08f2761a77882f509)')",
                      "table": "@parameters('Briefing System (webandpl_shared_sharepointonline_6b277a49a8bb442f9cc39eee6b15c001)')",
                      "id": "@triggerBody()?['number']",
                      "item/Assignee": "@null",
                      "item/Status/Value": "Completed",
                      "item/TriggerWorkflow": false,
                      "item/ArchivedPDFFile": "@outputs('Get_item')?['body/{Link}']"
                    },
                    "host": {
                      "apiId": "/providers/Microsoft.PowerApps/apis/shared_sharepointonline",
                      "operationId": "PatchFileItem",
                      "connectionName": "shared_sharepointonline"
                    }
                  },
                  "runAfter": {
                    "Get_item": [
                      "Succeeded"
                    ]
                  },
                  "metadata": {
                    "operationMetadataId": "19051c6a-42b2-483e-af00-d359f6da3e74"
                  }
                },
                "Convert_Word_to_PDF": {
                  "type": "OpenApiConnection",
                  "inputs": {
                    "parameters": {
                      "inputFileName": "@outputs('BriefingItem')?['body/{FilenameWithExtension}']",
                      "InputFile0/body": "@body('Get_file_content')",
                      "x-region-value": "-ue1"
                    },
                    "host": {
                      "apiId": "/providers/Microsoft.PowerApps/apis/shared_adobepdftools",
                      "operationId": "CreatePDFFromWord",
                      "connectionName": "shared_adobepdftools"
                    }
                  },
                  "runAfter": {
                    "Get_file_content": [
                      "Succeeded"
                    ]
                  },
                  "metadata": {
                    "operationMetadataId": "b1b49824-4ef4-4423-b61f-0c30cd126c69"
                  }
                },
                "Create_file": {
                  "type": "OpenApiConnection",
                  "inputs": {
                    "parameters": {
                      "dataset": "@parameters('BriefingSolutionUrl (new_shared_sharepointonline_8cf497ea0c604ed08f2761a77882f509)')",
                      "folderPath": "/Briefing System/@{outputs('BriefingItem')?['body/TransactionID']}",
                      "name": "@outputs('Convert_Word_to_PDF')?['body/fileName']",
                      "body": "@outputs('Convert_Word_to_PDF')?['body/fileContent']"
                    },
                    "host": {
                      "apiId": "/providers/Microsoft.PowerApps/apis/shared_sharepointonline",
                      "operationId": "CreateFile",
                      "connectionName": "shared_sharepointonline"
                    }
                  },
                  "runAfter": {
                    "Convert_Word_to_PDF": [
                      "Succeeded"
                    ]
                  },
                  "runtimeConfiguration": {
                    "contentTransfer": {
                      "transferMode": "Chunked"
                    }
                  },
                  "metadata": {
                    "operationMetadataId": "9172331b-fd1f-4f8b-b1d1-05abb95dda41"
                  }
                },
                "Get_item": {
                  "type": "OpenApiConnection",
                  "inputs": {
                    "parameters": {
                      "dataset": "@parameters('BriefingSolutionUrl (new_shared_sharepointonline_8cf497ea0c604ed08f2761a77882f509)')",
                      "table": "@parameters('Briefing System (webandpl_shared_sharepointonline_6b277a49a8bb442f9cc39eee6b15c001)')",
                      "id": "@outputs('Create_file')?['body/ItemId']"
                    },
                    "host": {
                      "apiId": "/providers/Microsoft.PowerApps/apis/shared_sharepointonline",
                      "operationId": "GetItem",
                      "connectionName": "shared_sharepointonline"
                    }
                  },
                  "runAfter": {
                    "Create_file": [
                      "Succeeded"
                    ]
                  },
                  "metadata": {
                    "operationMetadataId": "8e96316d-ad11-4668-803b-e7ab0574088e"
                  }
                },
                "FilterArrayCompleteBriefing": {
                  "type": "Query",
                  "inputs": {
                    "from": "@outputs('EmailTemplates')?['body/value']",
                    "where": "@equals(item()?['Title'],'Final approvers complete the briefing')"
                  },
                  "metadata": {
                    "operationMetadataId": "c44d6091-dfcf-42ee-8a41-623f8bfbf567"
                  }
                },
                "SetCompleteSubject": {
                  "type": "SetVariable",
                  "inputs": {
                    "name": "EmailSubject",
                    "value": "@replace(replace(body('FilterArrayCompleteBriefing')[0]['Subject'],'[BriefingID]',outputs('BriefingItem')?['body/TransactionID']),'[BriefingTitle]',outputs('BriefingItem')?['body/Title'])"
                  },
                  "runAfter": {
                    "FilterArrayCompleteBriefing": [
                      "Succeeded"
                    ]
                  },
                  "metadata": {
                    "operationMetadataId": "1fd2316b-d95d-451f-8126-7c602dffc992"
                  }
                },
                "SetCompleteMailBody": {
                  "type": "SetVariable",
                  "inputs": {
                    "name": "EmailBody",
                    "value": "@replace(replace(replace(replace(replace(replace(body('FilterArrayCompleteBriefing')[0]['EmailBody'],'[BriefingTitle]',outputs('BriefingItem')?['body/Title']),'[BriefingID]',outputs('BriefingItem')?['body/TransactionID']),'[DecisionMakerName]',triggerBody()?['text_2']),'[Comments]',triggerBody()?['text']),' [Clickhere]',outputs('ClickHere')),'[LeadDrafterName]',outputs('BriefingItem')?['body/LeadDrafterName'])"
                  },
                  "runAfter": {
                    "SetCompleteSubject": [
                      "Succeeded"
                    ]
                  },
                  "metadata": {
                    "operationMetadataId": "e6a56c8f-7b11-4922-83b8-2ddb5d247b3b"
                  }
                },
                "Send_an_email_Completion": {
                  "type": "OpenApiConnection",
                  "inputs": {
                    "parameters": {
                      "emailMessage/To": "@outputs('BriefingItem')?['body/LeadDrafterEmail']",
                      "emailMessage/Subject": "@variables('EmailSubject')",
                      "emailMessage/Body": "<p class=\"editor-paragraph\">@{variables('EmailBody')}</p>",
                      "emailMessage/Cc": "@concat(join(variables('DecisionMakersEmails'),';'),';',join(variables('varEndorsersEmails'),';'))",
                      "emailMessage/Importance": "Normal"
                    },
                    "host": {
                      "apiId": "/providers/Microsoft.PowerApps/apis/shared_office365",
                      "operationId": "SendEmailV2",
                      "connectionName": "shared_office365"
                    }
                  },
                  "runAfter": {
                    "Update_file_properties_4": [
                      "Succeeded"
                    ]
                  },
                  "metadata": {
                    "operationMetadataId": "a62ab75b-4c0f-493b-b8da-dedca0343cbd"
                  }
                }
              },
              "case": "Completed"
            },
            "NRN": {
              "actions": {
                "Get_file_content_1": {
                  "type": "OpenApiConnection",
                  "inputs": {
                    "parameters": {
                      "dataset": "@parameters('BriefingSolutionUrl (new_shared_sharepointonline_8cf497ea0c604ed08f2761a77882f509)')",
                      "id": "@outputs('BriefingItem')?['body/{Identifier}']",
                      "inferContentType": true
                    },
                    "host": {
                      "apiId": "/providers/Microsoft.PowerApps/apis/shared_sharepointonline",
                      "operationId": "GetFileContent",
                      "connectionName": "shared_sharepointonline"
                    }
                  },
                  "runAfter": {
                    "SetNRNEmailBody": [
                      "Succeeded"
                    ]
                  },
                  "metadata": {
                    "operationMetadataId": "afae4059-459d-4164-b6ce-d3556963df04"
                  }
                },
                "Create_file_3": {
                  "type": "OpenApiConnection",
                  "inputs": {
                    "parameters": {
                      "dataset": "@parameters('BriefingSolutionUrl (new_shared_sharepointonline_8cf497ea0c604ed08f2761a77882f509)')",
                      "folderPath": "/Briefing System/@{outputs('BriefingItem')?['body/TransactionID']}",
                      "name": "@outputs('Convert_Word_to_PDF_1')?['body/fileName']",
                      "body": "@outputs('Convert_Word_to_PDF_1')?['body/fileContent']"
                    },
                    "host": {
                      "apiId": "/providers/Microsoft.PowerApps/apis/shared_sharepointonline",
                      "operationId": "CreateFile",
                      "connectionName": "shared_sharepointonline"
                    }
                  },
                  "runAfter": {
                    "Convert_Word_to_PDF_1": [
                      "Succeeded"
                    ]
                  },
                  "runtimeConfiguration": {
                    "contentTransfer": {
                      "transferMode": "Chunked"
                    }
                  },
                  "metadata": {
                    "operationMetadataId": "1105ec28-ab67-4e86-8e19-8059b47768a5"
                  }
                },
                "Get_item_1": {
                  "type": "OpenApiConnection",
                  "inputs": {
                    "parameters": {
                      "dataset": "@parameters('BriefingSolutionUrl (new_shared_sharepointonline_8cf497ea0c604ed08f2761a77882f509)')",
                      "table": "@parameters('Briefing System (webandpl_shared_sharepointonline_6b277a49a8bb442f9cc39eee6b15c001)')",
                      "id": "@outputs('Create_file_3')?['body/ItemId']"
                    },
                    "host": {
                      "apiId": "/providers/Microsoft.PowerApps/apis/shared_sharepointonline",
                      "operationId": "GetItem",
                      "connectionName": "shared_sharepointonline"
                    }
                  },
                  "runAfter": {
                    "Create_file_3": [
                      "Succeeded"
                    ]
                  },
                  "metadata": {
                    "operationMetadataId": "58c984c4-e43a-421f-9c33-4a19b059921b"
                  }
                },
                "Update_file_properties_5": {
                  "type": "OpenApiConnection",
                  "inputs": {
                    "parameters": {
                      "dataset": "@parameters('BriefingSolutionUrl (new_shared_sharepointonline_8cf497ea0c604ed08f2761a77882f509)')",
                      "table": "@parameters('Briefing System (webandpl_shared_sharepointonline_6b277a49a8bb442f9cc39eee6b15c001)')",
                      "id": "@triggerBody()?['number']",
                      "item/Assignee": "@null",
                      "item/Status/Value": "NRN (No Response Needed)",
                      "item/TriggerWorkflow": false,
                      "item/ArchivedPDFFile": "@outputs('Get_item_1')?['body/{Link}']"
                    },
                    "host": {
                      "apiId": "/providers/Microsoft.PowerApps/apis/shared_sharepointonline",
                      "operationId": "PatchFileItem",
                      "connectionName": "shared_sharepointonline"
                    }
                  },
                  "runAfter": {
                    "Get_item_1": [
                      "Succeeded"
                    ]
                  },
                  "metadata": {
                    "operationMetadataId": "56a00fdd-d72a-4294-b989-91b132d3246e"
                  }
                },
                "Convert_Word_to_PDF_1": {
                  "type": "OpenApiConnection",
                  "inputs": {
                    "parameters": {
                      "inputFileName": "@outputs('BriefingItem')?['body/{FilenameWithExtension}']",
                      "InputFile0/body": "@body('Get_file_content_1')",
                      "x-region-value": "-ue1"
                    },
                    "host": {
                      "apiId": "/providers/Microsoft.PowerApps/apis/shared_adobepdftools",
                      "operationId": "CreatePDFFromWord",
                      "connectionName": "shared_adobepdftools"
                    }
                  },
                  "runAfter": {
                    "Get_file_content_1": [
                      "Succeeded"
                    ]
                  },
                  "metadata": {
                    "operationMetadataId": "2c950b39-559b-457c-8d80-cfacd2b94998"
                  }
                },
                "FilterArrayNRN": {
                  "type": "Query",
                  "inputs": {
                    "from": "@outputs('EmailTemplates')?['body/value']",
                    "where": "@equals(item()?['Title'],'Final approvers mark the briefing note as NRN')"
                  },
                  "metadata": {
                    "operationMetadataId": "b4c84fd6-b61e-4279-b5c7-0a76dac676a3"
                  }
                },
                "SetSubjectNRN": {
                  "type": "SetVariable",
                  "inputs": {
                    "name": "EmailSubject",
                    "value": "@replace(replace(body('FilterArrayNRN')[0]['Subject'],'[BriefingID]',outputs('BriefingItem')?['body/TransactionID']),'[BriefingTitle]',outputs('BriefingItem')?['body/Title'])"
                  },
                  "runAfter": {
                    "FilterArrayNRN": [
                      "Succeeded"
                    ]
                  },
                  "metadata": {
                    "operationMetadataId": "d17fa808-b9c2-4296-8f76-714a2a6a72e7"
                  }
                },
                "SetNRNEmailBody": {
                  "type": "SetVariable",
                  "inputs": {
                    "name": "EmailBody",
                    "value": "@replace(replace(replace(replace(replace(replace(body('FilterArrayNRN')[0]['EmailBody'],'[BriefingTitle]',outputs('BriefingItem')?['body/Title']),'[BriefingID]',outputs('BriefingItem')?['body/TransactionID']),'[LeadDrafterName]',outputs('BriefingItem')?['body/LeadDrafterName']),'[Clickhere]',outputs('ClickHere')),'[DecisionMakerName]',triggerBody()?['text_2']),'[Comments]',triggerBody()?['text'])"
                  },
                  "runAfter": {
                    "SetSubjectNRN": [
                      "Succeeded"
                    ]
                  },
                  "metadata": {
                    "operationMetadataId": "62486e68-0a5a-4671-9cb7-0a13803975d3"
                  }
                },
                "Send_an_Email_NRN": {
                  "type": "OpenApiConnection",
                  "inputs": {
                    "parameters": {
                      "emailMessage/To": "@outputs('BriefingItem')?['body/LeadDrafterEmail']",
                      "emailMessage/Subject": "@variables('EmailSubject')",
                      "emailMessage/Body": "<p class=\"editor-paragraph\">@{variables('EmailBody')}</p>",
                      "emailMessage/Cc": "@concat(join(variables('DecisionMakersEmails'),';'),';',join(variables('varEndorsersEmails'),';'))",
                      "emailMessage/Importance": "Normal"
                    },
                    "host": {
                      "apiId": "/providers/Microsoft.PowerApps/apis/shared_office365",
                      "operationId": "SendEmailV2",
                      "connectionName": "shared_office365"
                    }
                  },
                  "runAfter": {
                    "Update_file_properties_5": [
                      "Succeeded"
                    ]
                  },
                  "metadata": {
                    "operationMetadataId": "d46ae20d-2d77-4704-be43-f57ab489ad36"
                  }
                }
              },
              "case": "NRN (No Response Needed)"
            },
            "Voided": {
              "actions": {
                "Get_file_content_2": {
                  "type": "OpenApiConnection",
                  "inputs": {
                    "parameters": {
                      "dataset": "@parameters('BriefingSolutionUrl (new_shared_sharepointonline_8cf497ea0c604ed08f2761a77882f509)')",
                      "id": "@outputs('BriefingItem')?['body/{Identifier}']",
                      "inferContentType": true
                    },
                    "host": {
                      "apiId": "/providers/Microsoft.PowerApps/apis/shared_sharepointonline",
                      "operationId": "GetFileContent",
                      "connectionName": "shared_sharepointonline"
                    }
                  },
                  "runAfter": {
                    "SetVoidEmailBody": [
                      "Succeeded"
                    ]
                  },
                  "metadata": {
                    "operationMetadataId": "83424ffb-3e9b-48d3-8214-5ed59c641e63"
                  }
                },
                "Create_file_5": {
                  "type": "OpenApiConnection",
                  "inputs": {
                    "parameters": {
                      "dataset": "@parameters('BriefingSolutionUrl (new_shared_sharepointonline_8cf497ea0c604ed08f2761a77882f509)')",
                      "folderPath": "/Briefing System/@{outputs('BriefingItem')?['body/TransactionID']}",
                      "name": "@outputs('Convert_Word_to_PDF_2')?['body/fileName']",
                      "body": "@outputs('Convert_Word_to_PDF_2')?['body/fileContent']"
                    },
                    "host": {
                      "apiId": "/providers/Microsoft.PowerApps/apis/shared_sharepointonline",
                      "operationId": "CreateFile",
                      "connectionName": "shared_sharepointonline"
                    }
                  },
                  "runAfter": {
                    "Convert_Word_to_PDF_2": [
                      "Succeeded"
                    ]
                  },
                  "runtimeConfiguration": {
                    "contentTransfer": {
                      "transferMode": "Chunked"
                    }
                  },
                  "metadata": {
                    "operationMetadataId": "abff3021-146a-4bd2-8ca4-4f8bb11907bc"
                  }
                },
                "Get_item_2": {
                  "type": "OpenApiConnection",
                  "inputs": {
                    "parameters": {
                      "dataset": "@parameters('BriefingSolutionUrl (new_shared_sharepointonline_8cf497ea0c604ed08f2761a77882f509)')",
                      "table": "@parameters('Briefing System (webandpl_shared_sharepointonline_6b277a49a8bb442f9cc39eee6b15c001)')",
                      "id": "@outputs('Create_file_5')?['body/ItemId']"
                    },
                    "host": {
                      "apiId": "/providers/Microsoft.PowerApps/apis/shared_sharepointonline",
                      "operationId": "GetItem",
                      "connectionName": "shared_sharepointonline"
                    }
                  },
                  "runAfter": {
                    "Create_file_5": [
                      "Succeeded"
                    ]
                  },
                  "metadata": {
                    "operationMetadataId": "8d519bed-71db-4731-9092-76b3f6d1ef85"
                  }
                },
                "Update_file_properties_2": {
                  "type": "OpenApiConnection",
                  "inputs": {
                    "parameters": {
                      "dataset": "@parameters('BriefingSolutionUrl (new_shared_sharepointonline_8cf497ea0c604ed08f2761a77882f509)')",
                      "table": "@parameters('Briefing System (webandpl_shared_sharepointonline_6b277a49a8bb442f9cc39eee6b15c001)')",
                      "id": "@triggerBody()?['number']",
                      "item/Assignee": "@null",
                      "item/Status/Value": "Voided",
                      "item/TriggerWorkflow": false,
                      "item/ArchivedPDFFile": "@outputs('Get_item_2')?['body/{Link}']"
                    },
                    "host": {
                      "apiId": "/providers/Microsoft.PowerApps/apis/shared_sharepointonline",
                      "operationId": "PatchFileItem",
                      "connectionName": "shared_sharepointonline"
                    }
                  },
                  "runAfter": {
                    "Get_item_2": [
                      "Succeeded"
                    ]
                  },
                  "metadata": {
                    "operationMetadataId": "72e89483-4be6-482f-9695-e8696855d1d6"
                  }
                },
                "Convert_Word_to_PDF_2": {
                  "type": "OpenApiConnection",
                  "inputs": {
                    "parameters": {
                      "inputFileName": "@outputs('BriefingItem')?['body/{FilenameWithExtension}']",
                      "InputFile0/body": "@body('Get_file_content_2')",
                      "x-region-value": "-ue1"
                    },
                    "host": {
                      "apiId": "/providers/Microsoft.PowerApps/apis/shared_adobepdftools",
                      "operationId": "CreatePDFFromWord",
                      "connectionName": "shared_adobepdftools"
                    }
                  },
                  "runAfter": {
                    "Get_file_content_2": [
                      "Succeeded"
                    ]
                  },
                  "metadata": {
                    "operationMetadataId": "7f935842-4811-414a-af32-afc8d8809b81"
                  }
                },
                "FilterArrayVoid": {
                  "type": "Query",
                  "inputs": {
                    "from": "@outputs('EmailTemplates')?['body/value']",
                    "where": "@equals(item()?['Title'],'Void')"
                  },
                  "metadata": {
                    "operationMetadataId": "9d9c0162-3f0c-40a2-828a-e02305678eae"
                  }
                },
                "SetSubjectVoided": {
                  "type": "SetVariable",
                  "inputs": {
                    "name": "EmailSubject",
                    "value": "@replace(replace(body('FilterArrayVoid')[0]['Subject'],'[BriefingID]',outputs('BriefingItem')?['body/TransactionID']),'[BriefingTitle]',outputs('BriefingItem')?['body/Title'])"
                  },
                  "runAfter": {
                    "FilterArrayVoid": [
                      "Succeeded"
                    ]
                  },
                  "metadata": {
                    "operationMetadataId": "f18b7b3b-70d5-42cd-b103-71a21130cce9"
                  }
                },
                "SetVoidEmailBody": {
                  "type": "SetVariable",
                  "inputs": {
                    "name": "EmailBody",
                    "value": "@replace(replace(replace(replace(replace(replace(replace(body('FilterArrayVoid')[0]['EmailBody'],'[BriefingTitle]',outputs('BriefingItem')?['body/Title']),'[BriefingID]',outputs('BriefingItem')?['body/TransactionID']),'[LeadDrafterName]',outputs('BriefingItem')?['body/LeadDrafterName']),'[Clickhere]',outputs('ClickHere')),'[[VoidedBy]]',triggerBody()?['text_2']),'[Comments]',triggerBody()?['text']),'[VoidDate]',formatDateTime(utcNow(),'dd-MM-yyyy'))"
                  },
                  "runAfter": {
                    "SetSubjectVoided": [
                      "Succeeded"
                    ]
                  },
                  "metadata": {
                    "operationMetadataId": "d5d85d50-21a3-4026-858d-fa22a1bcfbf3"
                  }
                },
                "Send_an_email_Void": {
                  "type": "OpenApiConnection",
                  "inputs": {
                    "parameters": {
                      "emailMessage/To": "@outputs('BriefingItem')?['body/LeadDrafterEmail']",
                      "emailMessage/Subject": "@variables('EmailSubject')",
                      "emailMessage/Body": "<p class=\"editor-paragraph\">@{variables('EmailBody')}</p>",
                      "emailMessage/Cc": "@concat(join(variables('DecisionMakersEmails'),';'),';',join(variables('varEndorsersEmails'),';'))",
                      "emailMessage/Importance": "Normal"
                    },
                    "host": {
                      "apiId": "/providers/Microsoft.PowerApps/apis/shared_office365",
                      "operationId": "SendEmailV2",
                      "connectionName": "shared_office365"
                    }
                  },
                  "runAfter": {
                    "Update_file_properties_2": [
                      "Succeeded"
                    ]
                  },
                  "metadata": {
                    "operationMetadataId": "f7724eb1-2a74-43f4-aad4-14df732ff41e"
                  }
                }
              },
              "case": "Voided"
            },
            "Declined": {
              "actions": {
                "Get_file_content_3": {
                  "type": "OpenApiConnection",
                  "inputs": {
                    "parameters": {
                      "dataset": "@parameters('BriefingSolutionUrl (new_shared_sharepointonline_8cf497ea0c604ed08f2761a77882f509)')",
                      "id": "@outputs('BriefingItem')?['body/{Identifier}']",
                      "inferContentType": true
                    },
                    "host": {
                      "apiId": "/providers/Microsoft.PowerApps/apis/shared_sharepointonline",
                      "operationId": "GetFileContent",
                      "connectionName": "shared_sharepointonline"
                    }
                  },
                  "runAfter": {
                    "SetEmailBodyDeclined": [
                      "Succeeded"
                    ]
                  },
                  "metadata": {
                    "operationMetadataId": "5d382ce1-7f29-4970-9794-a5f3b32fab6f"
                  }
                },
                "Convert_Word_to_PDF_3": {
                  "type": "OpenApiConnection",
                  "inputs": {
                    "parameters": {
                      "inputFileName": "@outputs('BriefingItem')?['body/{FilenameWithExtension}']",
                      "InputFile0/body": "@body('Get_file_content_3')",
                      "x-region-value": "-ue1"
                    },
                    "host": {
                      "apiId": "/providers/Microsoft.PowerApps/apis/shared_adobepdftools",
                      "operationId": "CreatePDFFromWord",
                      "connectionName": "shared_adobepdftools"
                    }
                  },
                  "runAfter": {
                    "Get_file_content_3": [
                      "Succeeded"
                    ]
                  },
                  "metadata": {
                    "operationMetadataId": "56a39ef1-8e7d-46d1-a860-0644f8349f46"
                  }
                },
                "Create_file_2": {
                  "type": "OpenApiConnection",
                  "inputs": {
                    "parameters": {
                      "dataset": "@parameters('BriefingSolutionUrl (new_shared_sharepointonline_8cf497ea0c604ed08f2761a77882f509)')",
                      "folderPath": "/Briefing System/@{outputs('BriefingItem')?['body/TransactionID']}",
                      "name": "@outputs('Convert_Word_to_PDF_3')?['body/fileName']",
                      "body": "@outputs('Convert_Word_to_PDF_3')?['body/fileContent']"
                    },
                    "host": {
                      "apiId": "/providers/Microsoft.PowerApps/apis/shared_sharepointonline",
                      "operationId": "CreateFile",
                      "connectionName": "shared_sharepointonline"
                    }
                  },
                  "runAfter": {
                    "Convert_Word_to_PDF_3": [
                      "Succeeded"
                    ]
                  },
                  "runtimeConfiguration": {
                    "contentTransfer": {
                      "transferMode": "Chunked"
                    }
                  },
                  "metadata": {
                    "operationMetadataId": "29bb2a3c-7637-4db6-9de7-2fb6af0102ff"
                  }
                },
                "Get_item_4": {
                  "type": "OpenApiConnection",
                  "inputs": {
                    "parameters": {
                      "dataset": "@parameters('BriefingSolutionUrl (new_shared_sharepointonline_8cf497ea0c604ed08f2761a77882f509)')",
                      "table": "@parameters('Briefing System (webandpl_shared_sharepointonline_6b277a49a8bb442f9cc39eee6b15c001)')",
                      "id": "@outputs('Create_file_2')?['body/ItemId']"
                    },
                    "host": {
                      "apiId": "/providers/Microsoft.PowerApps/apis/shared_sharepointonline",
                      "operationId": "GetItem",
                      "connectionName": "shared_sharepointonline"
                    }
                  },
                  "runAfter": {
                    "Create_file_2": [
                      "Succeeded"
                    ]
                  },
                  "metadata": {
                    "operationMetadataId": "f034c46a-20a3-4cb1-b578-a9e0f7571388"
                  }
                },
                "Update_file_properties_6": {
                  "type": "OpenApiConnection",
                  "inputs": {
                    "parameters": {
                      "dataset": "@parameters('BriefingSolutionUrl (new_shared_sharepointonline_8cf497ea0c604ed08f2761a77882f509)')",
                      "table": "@parameters('Briefing System (webandpl_shared_sharepointonline_6b277a49a8bb442f9cc39eee6b15c001)')",
                      "id": "@triggerBody()['number']",
                      "item/Assignee": "@null",
                      "item/Status/Value": "Declined",
                      "item/TriggerWorkflow": false,
                      "item/ArchivedPDFFile": "@outputs('Get_item_4')?['body/{Link}']"
                    },
                    "host": {
                      "apiId": "/providers/Microsoft.PowerApps/apis/shared_sharepointonline",
                      "operationId": "PatchFileItem",
                      "connectionName": "shared_sharepointonline"
                    }
                  },
                  "runAfter": {
                    "Get_item_4": [
                      "Succeeded"
                    ]
                  },
                  "metadata": {
                    "operationMetadataId": "58a51fab-f913-42f3-a98f-a7f7304add9e"
                  }
                },
                "FilterArrayRejectByDecisionMakers": {
                  "type": "Query",
                  "inputs": {
                    "from": "@outputs('EmailTemplates')?['body/value']",
                    "where": "@equals(item()?['Title'],'RejectByDecisionMakers')"
                  },
                  "metadata": {
                    "operationMetadataId": "aebdeb2b-2b9d-4b96-98f8-d64aeb17c1cc"
                  }
                },
                "SetSubjectDeclined": {
                  "type": "SetVariable",
                  "inputs": {
                    "name": "EmailSubject",
                    "value": "@replace(replace(body('FilterArrayRejectByDecisionMakers')[0]['Subject'],'[BriefingID]',outputs('BriefingItem')?['body/TransactionID']),'[BriefingTitle]',outputs('BriefingItem')?['body/Title'])"
                  },
                  "runAfter": {
                    "FilterArrayRejectByDecisionMakers": [
                      "Succeeded"
                    ]
                  },
                  "metadata": {
                    "operationMetadataId": "e34fdd37-3f64-439d-8b31-c23e3667c699"
                  }
                },
                "SetEmailBodyDeclined": {
                  "type": "SetVariable",
                  "inputs": {
                    "name": "EmailBody",
                    "value": "@replace(replace(replace(replace(replace(replace(body('FilterArrayRejectByDecisionMakers')[0]['EmailBody'],'[BriefingTitle]',outputs('BriefingItem')?['body/Title']),'[BriefingID]',outputs('BriefingItem')?['body/TransactionID']),'[LeadDrafterName]',outputs('BriefingItem')?['body/LeadDrafterName']),'[Clickhere]',outputs('ClickHere')),'[DecisionMakerName]',triggerBody()?['text_2']),'[Comments]',triggerBody()?['text'])"
                  },
                  "runAfter": {
                    "SetSubjectDeclined": [
                      "Succeeded"
                    ]
                  },
                  "metadata": {
                    "operationMetadataId": "5ff5314e-d70c-436c-a4be-5d5554068f92"
                  }
                },
                "Send_an_email_Declined": {
                  "type": "OpenApiConnection",
                  "inputs": {
                    "parameters": {
                      "emailMessage/To": "@outputs('BriefingItem')?['body/LeadDrafterEmail']",
                      "emailMessage/Subject": "@variables('EmailSubject')",
                      "emailMessage/Body": "<p class=\"editor-paragraph\">@{variables('EmailBody')}</p>",
                      "emailMessage/Cc": "@concat(join(variables('DecisionMakersEmails'),';'),';',join(variables('varEndorsersEmails'),';'))",
                      "emailMessage/Importance": "Normal"
                    },
                    "host": {
                      "apiId": "/providers/Microsoft.PowerApps/apis/shared_office365",
                      "operationId": "SendEmailV2",
                      "connectionName": "shared_office365"
                    }
                  },
                  "runAfter": {
                    "Update_file_properties_6": [
                      "Succeeded"
                    ]
                  },
                  "metadata": {
                    "operationMetadataId": "9dd833c3-6a03-43ea-9a36-58f860c3cd58"
                  }
                }
              },
              "case": "Declined"
            }
          },
          "runAfter": {
            "EmailBody": [
              "Succeeded"
            ]
          },
          "metadata": {
            "operationMetadataId": "cbc1752b-8725-4613-888b-b40c46028947"
          }
        },
        "TO_EMAILS": {
          "type": "InitializeVariable",
          "inputs": {
            "variables": [
              {
                "name": "TOEmails",
                "type": "string"
              }
            ]
          },
          "runAfter": {
            "BriefingItem": [
              "Succeeded"
            ]
          },
          "metadata": {
            "operationMetadataId": "1b4d655d-a934-4b22-858e-57112f7c72ff"
          }
        },
        "CC_EMAILS": {
          "type": "InitializeVariable",
          "inputs": {
            "variables": [
              {
                "name": "CCEmails",
                "type": "string"
              }
            ]
          },
          "runAfter": {
            "TO_EMAILS": [
              "Succeeded"
            ]
          },
          "metadata": {
            "operationMetadataId": "2ba01bc9-932b-48da-b23f-2b47760b7dad"
          }
        },
        "ColloborativeDrafters": {
          "type": "InitializeVariable",
          "inputs": {
            "variables": [
              {
                "name": "ColloborativeDrafters",
                "type": "array"
              }
            ]
          },
          "runAfter": {
            "CC_EMAILS": [
              "Succeeded"
            ]
          },
          "metadata": {
            "operationMetadataId": "54bb0ef8-73c2-4132-ade9-1c95b513f123"
          }
        },
        "varAssignee": {
          "type": "InitializeVariable",
          "inputs": {
            "variables": [
              {
                "name": "varAssignee",
                "type": "array"
              }
            ]
          },
          "runAfter": {
            "For_each_DecisionMakers": [
              "Succeeded"
            ]
          },
          "metadata": {
            "operationMetadataId": "e4c5910a-fef2-4bc4-a0e1-9c69f923ae3d"
          }
        },
        "Apply_to_each_2": {
          "type": "Foreach",
          "foreach": "@outputs('BriefingItem')?['body/Assignee']",
          "actions": {
            "Append_to_array_variable_1": {
              "type": "AppendToArrayVariable",
              "inputs": {
                "name": "varAssignee",
                "value": "@items('Apply_to_each_2')?['Claims']"
              },
              "metadata": {
                "operationMetadataId": "735b5e3a-7ae5-4ced-a34e-feb7f9b4d4f3"
              }
            }
          },
          "runAfter": {
            "DocumentLink": [
              "Succeeded"
            ]
          },
          "metadata": {
            "operationMetadataId": "8a7a31d2-9e66-4747-8b4d-71ba175c9cfc"
          }
        },
        "DocumentLink": {
          "type": "InitializeVariable",
          "inputs": {
            "variables": [
              {
                "name": "DocumentLink",
                "type": "string",
                "value": "<a href=\"@{outputs('BriefingItem')?['body/{Link}']}\">Click here</a>"
              }
            ]
          },
          "runAfter": {
            "varAssignee": [
              "Succeeded"
            ]
          },
          "metadata": {
            "operationMetadataId": "29e158eb-018e-451e-be35-93db56653d57"
          }
        },
        "Initialize_variable_Assignee": {
          "type": "InitializeVariable",
          "inputs": {
            "variables": [
              {
                "name": "Assignees",
                "type": "array"
              }
            ]
          },
          "runAfter": {
            "For_each": [
              "Succeeded"
            ]
          },
          "metadata": {
            "operationMetadataId": "d6daedb9-ad23-4b77-9c9a-90f772aec854"
          }
        },
        "GenerateGUID": {
          "type": "InitializeVariable",
          "inputs": {
            "variables": [
              {
                "name": "WorkflowInstance",
                "type": "string",
                "value": "@guid()"
              }
            ]
          },
          "runAfter": {
            "Initialize_variable_fileContentArray": [
              "Succeeded"
            ]
          },
          "metadata": {
            "operationMetadataId": "837d24cf-57ce-43e6-a259-158d57076f4a"
          }
        },
        "BriefingItem": {
          "type": "OpenApiConnection",
          "inputs": {
            "parameters": {
              "dataset": "@parameters('BriefingSolutionUrl (new_shared_sharepointonline_8cf497ea0c604ed08f2761a77882f509)')",
              "table": "@parameters('Briefing System (webandpl_shared_sharepointonline_6b277a49a8bb442f9cc39eee6b15c001)')",
              "id": "@triggerBody()?['number']"
            },
            "host": {
              "apiId": "/providers/Microsoft.PowerApps/apis/shared_sharepointonline",
              "operationId": "GetFileItem",
              "connectionName": "shared_sharepointonline"
            }
          },
          "runAfter": {},
          "metadata": {
            "operationMetadataId": "6776e71b-ec7a-48bd-80a4-15b3d2ed34b5"
          }
        },
        "For_each": {
          "type": "Foreach",
          "foreach": "@outputs('BriefingItem')?['body/Drafters']",
          "actions": {
            "Append_to_array_variable_3": {
              "type": "AppendToArrayVariable",
              "inputs": {
                "name": "ColloborativeDrafters",
                "value": "@items('For_each')?['Claims']"
              },
              "metadata": {
                "operationMetadataId": "cab5cd5a-72a1-4710-b030-b39fff387828"
              }
            }
          },
          "runAfter": {
            "Apply_to_each_2": [
              "Succeeded"
            ]
          },
          "metadata": {
            "operationMetadataId": "9d98b00f-4156-49f9-8244-2d95a8961fc1"
          }
        },
        "Initialize_variable_fileContentArray": {
          "type": "InitializeVariable",
          "inputs": {
            "variables": [
              {
                "name": "fileContentArray",
                "type": "array"
              }
            ]
          },
          "runAfter": {
            "Initialize_variable_Assignee": [
              "Succeeded"
            ]
          },
          "metadata": {
            "operationMetadataId": "525ff43c-5cae-4881-a46a-9cf94e5a36ca"
          }
        },
        "EmailTemplates": {
          "type": "OpenApiConnection",
          "inputs": {
            "parameters": {
              "dataset": "@parameters('BriefingSolutionUrl (new_shared_sharepointonline_8cf497ea0c604ed08f2761a77882f509)')",
              "table": "@parameters('EmailTemplates (webandpl_shared_sharepointonline_a624f56806bd44839f1bc1bbf79f57c8)')",
              "$top": 20
            },
            "host": {
              "apiId": "/providers/Microsoft.PowerApps/apis/shared_sharepointonline",
              "operationId": "GetItems",
              "connectionName": "shared_sharepointonline"
            }
          },
          "runAfter": {
            "Initialize_variable_CCEmailUSers": [
              "Succeeded"
            ]
          },
          "metadata": {
            "operationMetadataId": "4c947586-c3b0-4040-a8ca-49179a9956d1"
          }
        },
        "ClickHere": {
          "type": "Compose",
          "inputs": "<a href='@{parameters('AppUrl (webandpl_AppUrl)')}&briefingid=@{outputs('BriefingItem')?['body/ID']}'>Click here </a>",
          "runAfter": {
            "GenerateGUID": [
              "Succeeded"
            ]
          },
          "metadata": {
            "operationMetadataId": "1a35ff17-d11d-44d7-ab84-b09ad96287fb"
          }
        },
        "Initialize_variable_TOEMail": {
          "type": "InitializeVariable",
          "inputs": {
            "variables": [
              {
                "name": "TOEMail",
                "type": "array"
              }
            ]
          },
          "runAfter": {
            "ClickHere": [
              "Succeeded"
            ]
          },
          "metadata": {
            "operationMetadataId": "08b03bcd-c0f9-429b-8877-33a93672d8a8"
          }
        },
        "Initialize_variable_CCEmailUSers": {
          "type": "InitializeVariable",
          "inputs": {
            "variables": [
              {
                "name": "CCEmailUSers",
                "type": "array"
              }
            ]
          },
          "runAfter": {
            "Initialize_variable_TOEMail": [
              "Succeeded"
            ]
          },
          "metadata": {
            "operationMetadataId": "3f459d2e-5db9-4763-93e3-dc7041e62135"
          }
        },
        "EmailSubject": {
          "type": "InitializeVariable",
          "inputs": {
            "variables": [
              {
                "name": "EmailSubject",
                "type": "string"
              }
            ]
          },
          "runAfter": {
            "EmailTemplates": [
              "Succeeded"
            ]
          },
          "metadata": {
            "operationMetadataId": "66984b82-0af4-410e-8721-9c0df2bb353a"
          }
        },
        "EmailBody": {
          "type": "InitializeVariable",
          "inputs": {
            "variables": [
              {
                "name": "EmailBody",
                "type": "string"
              }
            ]
          },
          "runAfter": {
            "EmailSubject": [
              "Succeeded"
            ]
          },
          "metadata": {
            "operationMetadataId": "33632c8f-8319-4509-85fc-52eef92fd292"
          }
        },
        "varEndorserEmails": {
          "type": "InitializeVariable",
          "inputs": {
            "variables": [
              {
                "name": "varEndorsersEmails",
                "type": "array"
              }
            ]
          },
          "runAfter": {
            "ColloborativeDrafters": [
              "Succeeded"
            ]
          },
          "metadata": {
            "operationMetadataId": "a4d501bf-2942-4345-87a1-3fd19b156fb6"
          }
        },
        "For_each_EndorserEmails": {
          "type": "Foreach",
          "foreach": "@outputs('BriefingItem')?['body/Endorsers']",
          "actions": {
            "Append_to_array_variable_4": {
              "type": "AppendToArrayVariable",
              "inputs": {
                "name": "varEndorsersEmails",
                "value": "@items('For_each_EndorserEmails')?['Email']"
              },
              "metadata": {
                "operationMetadataId": "cde92117-f1f9-4e9e-9f11-1b84dba7aa62"
              }
            },
            "Append_to_array_variable_6": {
              "type": "AppendToArrayVariable",
              "inputs": {
                "name": "EndorserNames",
                "value": "@items('For_each_EndorserEmails')?['DisplayName']"
              },
              "runAfter": {
                "Append_to_array_variable_4": [
                  "Succeeded"
                ]
              },
              "metadata": {
                "operationMetadataId": "636ad666-3ec0-4e42-adbf-5aab7f520bc6"
              }
            }
          },
          "runAfter": {
            "decisionMakerNames": [
              "Succeeded"
            ]
          },
          "metadata": {
            "operationMetadataId": "59952355-e96d-4857-8e31-8b04d635a0e2"
          }
        },
        "Initialize_variable_DecisionMakersEmails": {
          "type": "InitializeVariable",
          "inputs": {
            "variables": [
              {
                "name": "DecisionMakersEmails",
                "type": "array"
              }
            ]
          },
          "runAfter": {
            "For_each_EndorserEmails": [
              "Succeeded"
            ]
          },
          "metadata": {
            "operationMetadataId": "dcc6dbfe-9fac-4923-8c5f-a917b8a9adbd"
          }
        },
        "For_each_DecisionMakers": {
          "type": "Foreach",
          "foreach": "@outputs('BriefingItem')?['body/DecisionMakers']",
          "actions": {
            "Append_to_array_variable_5": {
              "type": "AppendToArrayVariable",
              "inputs": {
                "name": "DecisionMakersEmails",
                "value": "@items('For_each_DecisionMakers')?['Email']"
              },
              "metadata": {
                "operationMetadataId": "aead7da4-a1b0-418f-81e7-fe7628d3b8ed"
              }
            },
            "Append_to_array_variable_7": {
              "type": "AppendToArrayVariable",
              "inputs": {
                "name": "decisionMakerNames",
                "value": "@items('For_each_DecisionMakers')?['DisplayName']"
              },
              "runAfter": {
                "Append_to_array_variable_5": [
                  "Succeeded"
                ]
              }
            }
          },
          "runAfter": {
            "Initialize_variable_DecisionMakersEmails": [
              "Succeeded"
            ]
          },
          "metadata": {
            "operationMetadataId": "d70454b4-ce75-4ae0-9c74-b5ba4dfddac7"
          }
        },
        "Initialize_variable_EndorserNames": {
          "type": "InitializeVariable",
          "inputs": {
            "variables": [
              {
                "name": "EndorserNames",
                "type": "array"
              }
            ]
          },
          "runAfter": {
            "varEndorserEmails": [
              "Succeeded"
            ]
          },
          "metadata": {
            "operationMetadataId": "9159fe18-eee9-4793-96e0-3be4942dda78"
          }
        },
        "decisionMakerNames": {
          "type": "InitializeVariable",
          "inputs": {
            "variables": [
              {
                "name": "decisionMakerNames",
                "type": "array"
              }
            ]
          },
          "runAfter": {
            "Initialize_variable_EndorserNames": [
              "Succeeded"
            ]
          }
        }
      }
    },
    "templateName": null
  },
  "schemaVersion": "1.0.0.0"
}