{
  "properties": {
    "connectionReferences": {
      "shared_sharepointonline": {
        "api": {
          "name": "shared_sharepointonline"
        },
        "connection": {
          "connectionReferenceLogicalName": "webandpl_sharedsharepointonline_68dfe"
        },
        "runtimeSource": "embedded"
      },
      "shared_office365": {
        "api": {
          "name": "shared_office365"
        },
        "connection": {
          "connectionReferenceLogicalName": "webandpl_sharedoffice365_44a44"
        },
        "runtimeSource": "embedded"
      }
    },
    "definition": {
      "$schema": "https://schema.management.azure.com/providers/Microsoft.Logic/schemas/2016-06-01/workflowdefinition.json#",
      "contentVersion": "1.0.0.0",
      "parameters": {
        "$authentication": {
          "defaultValue": {},
          "type": "SecureObject"
        },
        "$connections": {
          "defaultValue": {},
          "type": "Object"
        },
        "BriefingSolutionUrl (new_shared_sharepointonline_8cf497ea0c604ed08f2761a77882f509)": {
          "defaultValue": "https://parliamentofvictoria.sharepoint.com/sites/Test-BriefingSolution",
          "type": "String",
          "metadata": {
            "schemaName": "new_shared_sharepointonline_8cf497ea0c604ed08f2761a77882f509"
          }
        },
        "AppUrl (webandpl_AppUrl)": {
          "defaultValue": "https://apps.powerapps.com/play/e/c29d3fef-55bd-43c9-a339-4dccd07dff3b/a/2cd5ca1b-29fb-4157-b332-954f0cacb5df?tenantId=821af0ec-3140-4137-af0e-6690286fb673&hint=56ea9158-8955-4c72-a1e7-b2ff9a335f61&sourcetime=1749572004621",
          "type": "String",
          "metadata": {
            "schemaName": "webandpl_AppUrl"
          }
        },
        "BriefingWorkflowHistory (webandpl_shared_sharepointonline_ab7775da61274a27b442373b796f97bf)": {
          "defaultValue": "af29bfce-d23b-46dc-b19d-f624029e8ff5",
          "type": "String",
          "metadata": {
            "schemaName": "webandpl_shared_sharepointonline_ab7775da61274a27b442373b796f97bf"
          }
        },
        "Briefing System (webandpl_shared_sharepointonline_6b277a49a8bb442f9cc39eee6b15c001)": {
          "defaultValue": "363567dc-ec1b-4461-ab7d-2a2125691459",
          "type": "String",
          "metadata": {
            "schemaName": "webandpl_shared_sharepointonline_6b277a49a8bb442f9cc39eee6b15c001"
          }
        },
        "EmailTemplates (webandpl_shared_sharepointonline_a624f56806bd44839f1bc1bbf79f57c8)": {
          "defaultValue": "7cc7596f-c0da-43ac-be92-e4ebc801ff96",
          "type": "String",
          "metadata": {
            "schemaName": "webandpl_shared_sharepointonline_a624f56806bd44839f1bc1bbf79f57c8"
          }
        }
      },
      "triggers": {
        "When_an_item_is_created_or_modified": {
          "type": "OpenApiConnection",
          "inputs": {
            "parameters": {
              "dataset": "@parameters('BriefingSolutionUrl (new_shared_sharepointonline_8cf497ea0c604ed08f2761a77882f509)')",
              "table": "@parameters('BriefingWorkflowHistory (webandpl_shared_sharepointonline_ab7775da61274a27b442373b796f97bf)')"
            },
            "host": {
              "apiId": "/providers/Microsoft.PowerApps/apis/shared_sharepointonline",
              "operationId": "GetOnUpdatedItems",
              "connectionName": "shared_sharepointonline"
            }
          },
          "recurrence": {
            "interval": 1,
            "frequency": "Minute"
          },
          "splitOn": "@triggerOutputs()?['body/value']",
          "metadata": {
            "operationMetadataId": "0893471f-4819-4fbb-9fa8-43b3a5766ffd"
          }
        }
      },
      "actions": {
        "Compose": {
          "type": "Compose",
          "inputs": "@{triggerOutputs()?['body/ID']}@{triggerOutputs()?['body/ID']}",
          "runAfter": {
            "Switch": [
              "SUCCEEDED"
            ]
          },
          "metadata": {
            "operationMetadataId": "effd696b-be30-4b3a-bd33-31c0664f0587"
          }
        },
        "Switch": {
          "type": "Switch",
          "expression": "@triggerBody()?['ActionTaken']",
          "default": {
            "actions": {}
          },
          "cases": {
            "feedback": {
              "actions": {
                "Send_an_email_Comments": {
                  "type": "OpenApiConnection",
                  "inputs": {
                    "parameters": {
                      "emailMessage/To": "@outputs('BriefingItem')?['body/LeadDrafterEmail']",
                      "emailMessage/Subject": "@variables('EmailSubject')",
                      "emailMessage/Body": "<p class=\"editor-paragraph\">@{variables('EmailBody')}</p>",
                      "emailMessage/Importance": "Normal"
                    },
                    "host": {
                      "apiId": "/providers/Microsoft.PowerApps/apis/shared_office365",
                      "operationId": "SendEmailV2",
                      "connectionName": "shared_office365"
                    }
                  },
                  "runAfter": {
                    "Set_EmailBody": [
                      "SUCCEEDED"
                    ]
                  }
                },
                "FilterarrayFeedback": {
                  "type": "Query",
                  "inputs": {
                    "from": "@outputs('EmailTemplates')?['body/value']",
                    "where": "@equals(item()?['Title'],'Any User Adds a Comment via the Briefing Details screen')"
                  }
                },
                "Set_Email_Subject": {
                  "type": "SetVariable",
                  "inputs": {
                    "name": "EmailSubject",
                    "value": "@replace(replace(body('FilterarrayFeedback')[0]['Subject'],'[BriefingID]',outputs('BriefingItem')?['body/TransactionID']),'[BriefingTitle]',outputs('BriefingItem')?['body/Title'])"
                  },
                  "runAfter": {
                    "FilterarrayFeedback": [
                      "SUCCEEDED"
                    ]
                  }
                },
                "Set_EmailBody": {
                  "type": "SetVariable",
                  "inputs": {
                    "name": "EmailBody",
                    "value": "@replace(replace(replace(replace(replace(replace(body('FilterarrayFeedback')[0]['EmailBody'],'[BriefingTitle]',outputs('BriefingItem')?['body/Title']),'[BriefingID]',outputs('BriefingItem')?['body/TransactionID']),'[LeadDrafterName]',outputs('BriefingItem')?['body/LeadDrafterName']),'[Clickhere]',outputs('ClickHere')),'[CommenterName]',triggerBody()?['text_2']),'[Comments]',triggerBody()?['text'])"
                  },
                  "runAfter": {
                    "Set_Email_Subject": [
                      "SUCCEEDED"
                    ]
                  }
                }
              },
              "case": "Feedback"
            },
            "Endorsed": {
              "actions": {
                "FilterArrayEndorsed": {
                  "type": "Query",
                  "inputs": {
                    "from": "@outputs('EmailTemplates')?['body/value']",
                    "where": "@equals(item()?['Title'],'Endorser endorse the briefing')"
                  }
                },
                "SetEndorsedSubject": {
                  "type": "SetVariable",
                  "inputs": {
                    "name": "EmailSubject",
                    "value": "@replace(replace(body('FilterArrayEndorsed')[0]['Subject'],'[BriefingID]',outputs('BriefingItem')?['body/TransactionID']),'[BriefingTitle]',outputs('BriefingItem')?['body/Title'])"
                  },
                  "runAfter": {
                    "FilterArrayEndorsed": [
                      "SUCCEEDED"
                    ]
                  }
                },
                "SetEmailBodyEndorsed": {
                  "type": "SetVariable",
                  "inputs": {
                    "name": "EmailBody",
                    "value": "@replace(replace(replace(replace(replace(replace(body('FilterArrayEndorsed')[0]['EmailBody'],'[BriefingTitle]',outputs('BriefingItem')?['body/Title']),'[BriefingID]',outputs('BriefingItem')?['body/TransactionID']),'[LeadDrafterName]',outputs('BriefingItem')?['body/LeadDrafterName']),'[Clickhere]',outputs('ClickHere')),'[EndorserName]',triggerBody()?['text_2']),'[Comments]',triggerBody()?['text'])"
                  },
                  "runAfter": {
                    "SetEndorsedSubject": [
                      "SUCCEEDED"
                    ]
                  }
                },
                "Send_an_email_Endorsed": {
                  "type": "OpenApiConnection",
                  "inputs": {
                    "parameters": {
                      "emailMessage/To": "@outputs('BriefingItem')?['body/LeadDrafterEmail']",
                      "emailMessage/Subject": "@variables('EmailSubject')",
                      "emailMessage/Body": "<p class=\"editor-paragraph\">@{variables('EmailSubject')}</p>",
                      "emailMessage/Importance": "Normal"
                    },
                    "host": {
                      "apiId": "/providers/Microsoft.PowerApps/apis/shared_office365",
                      "operationId": "SendEmailV2",
                      "connectionName": "shared_office365"
                    }
                  },
                  "runAfter": {
                    "SetEmailBodyEndorsed": [
                      "SUCCEEDED"
                    ]
                  }
                }
              },
              "case": "Endorsed"
            },
            "Request_Amendments": {
              "actions": {
                "SendandEmailRequestAmmendments": {
                  "type": "OpenApiConnection",
                  "inputs": {
                    "parameters": {
                      "emailMessage/To": "@outputs('BriefingItem')?['body/LeadDrafterEmail']",
                      "emailMessage/Subject": "@variables('EmailSubject')",
                      "emailMessage/Body": "<p class=\"editor-paragraph\">@{variables('EmailBody')}</p>",
                      "emailMessage/Importance": "Normal"
                    },
                    "host": {
                      "apiId": "/providers/Microsoft.PowerApps/apis/shared_office365",
                      "operationId": "SendEmailV2",
                      "connectionName": "shared_office365"
                    }
                  },
                  "runAfter": {
                    "EndorserOrDecision": [
                      "SUCCEEDED"
                    ]
                  }
                },
                "EndorserOrDecision": {
                  "type": "If",
                  "expression": {
                    "and": [
                      {
                        "equals": [
                          "@triggerBody()?['Stage']",
                          "Endorser Level"
                        ]
                      }
                    ]
                  },
                  "actions": {
                    "FilterArrayEndorser": {
                      "type": "Query",
                      "inputs": {
                        "from": "@outputs('EmailTemplates')?['body/value']",
                        "where": "@equals(item()?['Title'],'Endorser request amendment')"
                      }
                    },
                    "SetSubjectEndorser": {
                      "type": "SetVariable",
                      "inputs": {
                        "name": "EmailSubject",
                        "value": "@replace(replace(body('FilterArrayEndorser')[0]['Subject'],'[BriefingID]',outputs('BriefingItem')?['body/TransactionID']),'[BriefingTitle]',outputs('BriefingItem')?['body/Title'])"
                      },
                      "runAfter": {
                        "FilterArrayEndorser": [
                          "SUCCEEDED"
                        ]
                      }
                    },
                    "SetEndorserEmailBody": {
                      "type": "SetVariable",
                      "inputs": {
                        "name": "EmailBody",
                        "value": "@replace(replace(replace(replace(replace(replace(body('FilterArrayEndorser')[0]['EmailBody'],'[BriefingTitle]',outputs('BriefingItem')?['body/Title']),'[BriefingID]',outputs('BriefingItem')?['body/TransactionID']),'[LeadDrafterName]',outputs('BriefingItem')?['body/LeadDrafterName']),'[Clickhere]',outputs('ClickHere')),'[EndorserName]',triggerBody()?['text_2']),'[Comments]',triggerBody()?['text'])"
                      },
                      "runAfter": {
                        "SetSubjectEndorser": [
                          "SUCCEEDED"
                        ]
                      }
                    }
                  },
                  "else": {
                    "actions": {
                      "FilterArrayDecision": {
                        "type": "Query",
                        "inputs": {
                          "from": "@outputs('EmailTemplates')?['body/value']",
                          "where": "@equals(item()?['Title'],'Final approvers request amendment')"
                        }
                      },
                      "SetDecisionSubject": {
                        "type": "SetVariable",
                        "inputs": {
                          "name": "EmailSubject",
                          "value": "@replace(replace(body('FilterArrayDecision')[0]['Subject'],'[BriefingID]',outputs('BriefingItem')?['body/TransactionID']),'[BriefingTitle]',outputs('BriefingItem')?['body/Title'])"
                        },
                        "runAfter": {
                          "FilterArrayDecision": [
                            "SUCCEEDED"
                          ]
                        }
                      },
                      "SetEmailBodyDecision": {
                        "type": "SetVariable",
                        "inputs": {
                          "name": "EmailBody",
                          "value": "@replace(replace(replace(replace(replace(replace(body('FilterArrayDecision')[0]['EmailBody'],'[BriefingTitle]',outputs('BriefingItem')?['body/Title']),'[BriefingID]',outputs('BriefingItem')?['body/TransactionID']),'[LeadDrafterName]',outputs('BriefingItem')?['body/LeadDrafterName']),'[Clickhere]',outputs('ClickHere')),'[DecisionMakerName]',triggerBody()?['text_2']),'[Comments]',triggerBody()?['text'])"
                        },
                        "runAfter": {
                          "SetDecisionSubject": [
                            "SUCCEEDED"
                          ]
                        }
                      }
                    }
                  }
                }
              },
              "case": "Request Amendments\n"
            }
          },
          "runAfter": {
            "ClickHere": [
              "SUCCEEDED"
            ]
          }
        },
        "BriefingItem": {
          "type": "OpenApiConnection",
          "inputs": {
            "parameters": {
              "dataset": "@parameters('BriefingSolutionUrl (new_shared_sharepointonline_8cf497ea0c604ed08f2761a77882f509)')",
              "table": "@parameters('Briefing System (webandpl_shared_sharepointonline_6b277a49a8bb442f9cc39eee6b15c001)')",
              "id": "@triggerBody()?['ParentID/Id']"
            },
            "host": {
              "apiId": "/providers/Microsoft.PowerApps/apis/shared_sharepointonline",
              "operationId": "GetItem",
              "connectionName": "shared_sharepointonline"
            }
          },
          "runAfter": {
            "EmailBody": [
              "SUCCEEDED"
            ]
          }
        },
        "EmailTemplates": {
          "type": "OpenApiConnection",
          "inputs": {
            "parameters": {
              "dataset": "@parameters('BriefingSolutionUrl (new_shared_sharepointonline_8cf497ea0c604ed08f2761a77882f509)')",
              "table": "@parameters('EmailTemplates (webandpl_shared_sharepointonline_a624f56806bd44839f1bc1bbf79f57c8)')",
              "$top": 50
            },
            "host": {
              "apiId": "/providers/Microsoft.PowerApps/apis/shared_sharepointonline",
              "operationId": "GetItems",
              "connectionName": "shared_sharepointonline"
            }
          },
          "runAfter": {
            "BriefingItem": [
              "SUCCEEDED"
            ]
          }
        },
        "EmailSubject": {
          "type": "InitializeVariable",
          "inputs": {
            "variables": [
              {
                "name": "EmailSubject",
                "type": "string"
              }
            ]
          },
          "runAfter": {}
        },
        "EmailBody": {
          "type": "InitializeVariable",
          "inputs": {
            "variables": [
              {
                "name": "EmailBody",
                "type": "string"
              }
            ]
          },
          "runAfter": {
            "EmailSubject": [
              "SUCCEEDED"
            ]
          }
        },
        "ClickHere": {
          "type": "Compose",
          "inputs": "<a href='@{parameters('AppUrl (webandpl_AppUrl)')}'>Click here</a>",
          "runAfter": {
            "EmailTemplates": [
              "SUCCEEDED"
            ]
          }
        }
      }
    },
    "templateName": null
  },
  "schemaVersion": "1.0.0.0"
}