{
  "properties": {
    "connectionReferences": {
      "shared_sharepointonline": {
        "api": {
          "name": "shared_sharepointonline"
        },
        "connection": {
          "connectionReferenceLogicalName": "webandpl_sharedsharepointonline_68dfe"
        },
        "runtimeSource": "embedded"
      }
    },
    "definition": {
      "$schema": "https://schema.management.azure.com/providers/Microsoft.Logic/schemas/2016-06-01/workflowdefinition.json#",
      "contentVersion": "1.0.0.0",
      "parameters": {
        "$authentication": {
          "defaultValue": {},
          "type": "SecureObject"
        },
        "$connections": {
          "defaultValue": {},
          "type": "Object"
        },
        "BriefingSolutionUrl (new_shared_sharepointonline_8cf497ea0c604ed08f2761a77882f509)": {
          "defaultValue": "https://parliamentofvictoria.sharepoint.com/sites/Test-BriefingSolution",
          "type": "String",
          "metadata": {
            "schemaName": "new_shared_sharepointonline_8cf497ea0c604ed08f2761a77882f509"
          }
        },
        "Master Templates (webandpl_shared_sharepointonline_7b773497bb4a4b6f9019bff71c2f6aca)": {
          "defaultValue": "f0d0b579-f0a6-4837-be63-b29c544a22d2",
          "type": "String",
          "metadata": {
            "schemaName": "webandpl_shared_sharepointonline_7b773497bb4a4b6f9019bff71c2f6aca"
          }
        },
        "Briefing System (webandpl_shared_sharepointonline_6b277a49a8bb442f9cc39eee6b15c001)": {
          "defaultValue": "363567dc-ec1b-4461-ab7d-2a2125691459",
          "type": "String",
          "metadata": {
            "schemaName": "webandpl_shared_sharepointonline_6b277a49a8bb442f9cc39eee6b15c001"
          }
        }
      },
      "triggers": {
        "manual": {
          "type": "Request",
          "kind": "PowerAppV2",
          "inputs": {
            "schema": {
              "type": "object",
              "properties": {
                "text": {
                  "title": "TemplateName",
                  "type": "string",
                  "x-ms-dynamically-added": true,
                  "description": "Please enter your input",
                  "x-ms-content-hint": "TEXT"
                },
                "file": {
                  "title": "TemplateFile",
                  "type": "object",
                  "x-ms-dynamically-added": true,
                  "description": "Please select file or image",
                  "x-ms-content-hint": "FILE",
                  "properties": {
                    "name": {
                      "type": "string"
                    },
                    "contentBytes": {
                      "type": "string",
                      "format": "byte"
                    }
                  }
                },
                "number": {
                  "title": "TemplaeID",
                  "type": "number",
                  "x-ms-dynamically-added": true,
                  "description": "Please enter a number",
                  "x-ms-content-hint": "NUMBER"
                }
              },
              "required": [
                "text",
                "number"
              ]
            }
          },
          "metadata": {
            "operationMetadataId": "8cb4fe3e-fd91-42dd-9caa-d26f47f626b9"
          }
        }
      },
      "actions": {
        "Create_file": {
          "type": "OpenApiConnection",
          "inputs": {
            "parameters": {
              "dataset": "@parameters('BriefingSolutionUrl (new_shared_sharepointonline_8cf497ea0c604ed08f2761a77882f509)')",
              "folderPath": "/Briefing System/MasterTemplate",
              "name": "@triggerBody()['file']['name']",
              "body": "@triggerBody()['file']['contentBytes']"
            },
            "host": {
              "apiId": "/providers/Microsoft.PowerApps/apis/shared_sharepointonline",
              "operationId": "CreateFile",
              "connectionName": "shared_sharepointonline"
            }
          },
          "runAfter": {},
          "runtimeConfiguration": {
            "contentTransfer": {
              "transferMode": "Chunked"
            }
          },
          "metadata": {
            "operationMetadataId": "c2553694-3f6c-4c0d-b33e-56461d5d345b"
          }
        },
        "Update_item": {
          "type": "OpenApiConnection",
          "inputs": {
            "parameters": {
              "dataset": "@parameters('BriefingSolutionUrl (new_shared_sharepointonline_8cf497ea0c604ed08f2761a77882f509)')",
              "table": "@parameters('Master Templates (webandpl_shared_sharepointonline_7b773497bb4a4b6f9019bff71c2f6aca)')",
              "id": "@triggerBody()['number']",
              "item/TemplateLink": "@split(outputs('Get_item')?['body/{Link}'],'?')[0]"
            },
            "host": {
              "apiId": "/providers/Microsoft.PowerApps/apis/shared_sharepointonline",
              "operationId": "PatchItem",
              "connectionName": "shared_sharepointonline"
            }
          },
          "runAfter": {
            "Get_item": [
              "Succeeded"
            ]
          },
          "metadata": {
            "operationMetadataId": "f6d98b13-6c7a-4b25-8222-5fb344697dd6"
          }
        },
        "Respond_to_a_Power_App_or_flow": {
          "type": "Response",
          "kind": "PowerApp",
          "inputs": {
            "schema": {
              "type": "object",
              "properties": {
                "statusupload": {
                  "title": "statusupload",
                  "x-ms-dynamically-added": true,
                  "type": "string"
                }
              },
              "additionalProperties": {}
            },
            "statusCode": 200,
            "body": {
              "statusupload": "@outputs('Create_file')?['body/Path']"
            }
          },
          "runAfter": {
            "Update_item": [
              "Succeeded"
            ]
          },
          "metadata": {
            "operationMetadataId": "569ff3bd-1ea3-45f1-8a4b-d1bc0cae4164"
          }
        },
        "Get_item": {
          "type": "OpenApiConnection",
          "inputs": {
            "parameters": {
              "dataset": "@parameters('BriefingSolutionUrl (new_shared_sharepointonline_8cf497ea0c604ed08f2761a77882f509)')",
              "table": "@parameters('Briefing System (webandpl_shared_sharepointonline_6b277a49a8bb442f9cc39eee6b15c001)')",
              "id": "@outputs('Create_file')?['body/ItemId']"
            },
            "host": {
              "apiId": "/providers/Microsoft.PowerApps/apis/shared_sharepointonline",
              "operationId": "GetItem",
              "connectionName": "shared_sharepointonline"
            }
          },
          "runAfter": {
            "Update_file_properties": [
              "Succeeded"
            ]
          },
          "metadata": {
            "operationMetadataId": "d158e9da-f977-41bc-8d2f-ad01ebe9d710"
          }
        },
        "Update_file_properties": {
          "type": "OpenApiConnection",
          "inputs": {
            "parameters": {
              "dataset": "@parameters('BriefingSolutionUrl (new_shared_sharepointonline_8cf497ea0c604ed08f2761a77882f509)')",
              "table": "@parameters('Briefing System (webandpl_shared_sharepointonline_6b277a49a8bb442f9cc39eee6b15c001)')",
              "id": "@outputs('Create_file')?['body/ItemId']",
              "item/TriggerWorkflow": false,
              "item/TemplateTitle": "@triggerBody()['text']",
              "item/DepartmentName": "@triggerBody()['text']"
            },
            "host": {
              "apiId": "/providers/Microsoft.PowerApps/apis/shared_sharepointonline",
              "operationId": "PatchFileItem",
              "connectionName": "shared_sharepointonline"
            }
          },
          "runAfter": {
            "Create_file": [
              "Succeeded"
            ]
          },
          "metadata": {
            "operationMetadataId": "182bb65e-b58c-4428-bbf4-79185821b49c"
          }
        }
      }
    },
    "templateName": null
  },
  "schemaVersion": "1.0.0.0"
}