<ImportExportXml version="9.2.25054.180" SolutionPackageVersion="9.2" languagecode="1033" generatedBy="CrmLive" xmlns:xsi="http://www.w3.org/2001/XMLSchema-instance" OrganizationVersion="9.2.25054.180" OrganizationSchemaType="Standard" CRMServerServiceabilityVersion="9.2.25054.00180">
  <SolutionManifest>
    <UniqueName>BriefingSystem</UniqueName>
    <LocalizedNames>
      <LocalizedName description="BriefingSystem" languagecode="1033" />
    </LocalizedNames>
    <Descriptions />
    <Version>1.0.0.19</Version>
    <Managed>1</Managed>
    <Publisher>
      <UniqueName>WebPlatforms</UniqueName>
      <LocalizedNames>
        <LocalizedName description="PoV WebPlatforms" languagecode="1033" />
      </LocalizedNames>
      <Descriptions />
      <EMailAddress xsi:nil="true"></EMailAddress>
      <SupportingWebsiteUrl>internal pov web platform team</SupportingWebsiteUrl>
      <CustomizationPrefix>webandpl</CustomizationPrefix>
      <CustomizationOptionValuePrefix>52767</CustomizationOptionValuePrefix>
      <Addresses>
        <Address>
          <AddressNumber>1</AddressNumber>
          <AddressTypeCode>1</AddressTypeCode>
          <City xsi:nil="true"></City>
          <County xsi:nil="true"></County>
          <Country xsi:nil="true"></Country>
          <Fax xsi:nil="true"></Fax>
          <FreightTermsCode xsi:nil="true"></FreightTermsCode>
          <ImportSequenceNumber xsi:nil="true"></ImportSequenceNumber>
          <Latitude xsi:nil="true"></Latitude>
          <Line1 xsi:nil="true"></Line1>
          <Line2 xsi:nil="true"></Line2>
          <Line3 xsi:nil="true"></Line3>
          <Longitude xsi:nil="true"></Longitude>
          <Name xsi:nil="true"></Name>
          <PostalCode xsi:nil="true"></PostalCode>
          <PostOfficeBox xsi:nil="true"></PostOfficeBox>
          <PrimaryContactName xsi:nil="true"></PrimaryContactName>
          <ShippingMethodCode>1</ShippingMethodCode>
          <StateOrProvince xsi:nil="true"></StateOrProvince>
          <Telephone1 xsi:nil="true"></Telephone1>
          <Telephone2 xsi:nil="true"></Telephone2>
          <Telephone3 xsi:nil="true"></Telephone3>
          <TimeZoneRuleVersionNumber xsi:nil="true"></TimeZoneRuleVersionNumber>
          <UPSZone xsi:nil="true"></UPSZone>
          <UTCOffset xsi:nil="true"></UTCOffset>
          <UTCConversionTimeZoneCode xsi:nil="true"></UTCConversionTimeZoneCode>
        </Address>
        <Address>
          <AddressNumber>2</AddressNumber>
          <AddressTypeCode>1</AddressTypeCode>
          <City xsi:nil="true"></City>
          <County xsi:nil="true"></County>
          <Country xsi:nil="true"></Country>
          <Fax xsi:nil="true"></Fax>
          <FreightTermsCode xsi:nil="true"></FreightTermsCode>
          <ImportSequenceNumber xsi:nil="true"></ImportSequenceNumber>
          <Latitude xsi:nil="true"></Latitude>
          <Line1 xsi:nil="true"></Line1>
          <Line2 xsi:nil="true"></Line2>
          <Line3 xsi:nil="true"></Line3>
          <Longitude xsi:nil="true"></Longitude>
          <Name xsi:nil="true"></Name>
          <PostalCode xsi:nil="true"></PostalCode>
          <PostOfficeBox xsi:nil="true"></PostOfficeBox>
          <PrimaryContactName xsi:nil="true"></PrimaryContactName>
          <ShippingMethodCode>1</ShippingMethodCode>
          <StateOrProvince xsi:nil="true"></StateOrProvince>
          <Telephone1 xsi:nil="true"></Telephone1>
          <Telephone2 xsi:nil="true"></Telephone2>
          <Telephone3 xsi:nil="true"></Telephone3>
          <TimeZoneRuleVersionNumber xsi:nil="true"></TimeZoneRuleVersionNumber>
          <UPSZone xsi:nil="true"></UPSZone>
          <UTCOffset xsi:nil="true"></UTCOffset>
          <UTCConversionTimeZoneCode xsi:nil="true"></UTCConversionTimeZoneCode>
        </Address>
      </Addresses>
    </Publisher>
    <RootComponents>
      <RootComponent type="29" id="{21abd94f-0143-f011-877a-000d3ae01072}" behavior="0" />
      <RootComponent type="29" id="{21b5afe7-ba2c-f011-8c4e-000d3ae18b27}" behavior="0" />
      <RootComponent type="29" id="{4e1e8e8d-ab33-f011-8c4c-000d3ae01072}" behavior="0" />
      <RootComponent type="29" id="{5fa1501b-ed2b-f011-8c4e-000d3ae18b27}" behavior="0" />
      <RootComponent type="29" id="{6c7d56a4-3e47-f011-877a-000d3ae18b27}" behavior="0" />
      <RootComponent type="29" id="{7c3ba197-cf30-f011-8c4e-000d3ae18b27}" behavior="0" />
      <RootComponent type="29" id="{bbc8f0fa-4940-f011-877a-000d3ae01072}" behavior="0" />
      <RootComponent type="29" id="{c3e65731-c62f-f011-8c4e-000d3ae18b27}" behavior="0" />
      <RootComponent type="29" id="{cef70e73-764a-f011-877b-000d3ae01072}" behavior="0" />
      <RootComponent type="300" schemaName="webandpl_briefingsystem_9cc27" behavior="0" />
    </RootComponents>
    <MissingDependencies />
  </SolutionManifest>
</ImportExportXml>