<environmentvariabledefinition schemaname="new_shared_sharepointonline_8cf497ea0c604ed08f2761a77882f509">
  <apiid>/providers/microsoft.powerapps/apis/shared_sharepointonline</apiid>
  <displayname default="BriefingSolutionUrl">
    <label description="BriefingSolutionUrl" languagecode="1033" />
  </displayname>
  <introducedversion>1.0.0.0</introducedversion>
  <iscustomizable>1</iscustomizable>
  <isrequired>0</isrequired>
  <parameterkey>dataset</parameterkey>
  <secretstore>0</secretstore>
  <type>100000004</type>
</environmentvariabledefinition>